,search_phrase,text,screen_name,created_at,retweet_count,favorite_count,friends_count,followers_count,user_id,user_name,user_location,user_description
0,,"RT @AquiCancer: #CÃ¢ncer Eu me importo com vocÃª, e nÃ£o Ã© pouco.",gisele_santos6,Sat Dec 07 01:59:13 +0000 2019,36,0,881,528,787333152138223616,MamÃ£e da Helena ğŸ‘¶ğŸ¾ğŸ¥°ğŸ’ğŸ˜,"PraÃ§a Seca, Rio de Janeiro","MÃ£e Da Helena, Tia Da Pietra E Da Sophia ğŸ’ğŸ˜ğŸ‘£ğŸ‘¶ Te Amo IrmÃ£o, Eterno Gilvan ğŸ˜‡ğŸ’”ğŸ—ğŸ•‡, Maria LÃºcia te amo ğŸ‘­ğŸ’Ÿ 20 Anos, Canceriana â™‹"
1,,RT @sgnCancer: #CÃ¢ncer Mil namorarÃ£o ao teu lado. Dez mil casarÃ£o a tua direita. Mas tu nÃ£o serÃ¡s atingido.,Katiely7070,Sat Dec 07 01:57:57 +0000 2019,7,0,734,581,1007078419916640258,Katy ğŸŒ¸ğŸ’–,"VitÃ³ria, Brasil","Flamenguista â¤ğŸŒˆ

https://t.co/gxyAUwF91Z"
2,,RT @sgnCancer: #CÃ¢ncer Ã‰ fÃ¡cil perdoar. DifÃ­cil Ã© acreditar que o erro nÃ£o vai se repetir.,ritagouveia2001,Sat Dec 07 01:57:41 +0000 2019,35,0,54,138,3358438606,Rita Gouveia,,Tudo do zero ğŸƒ
3,,"RT @AquiCancer: #CÃ¢ncer Precisamos aprender a seguir em frente, olhar pra trÃ¡s nÃ£o vai nos levar a lugar nenhum.",a_Jenyy,Sat Dec 07 01:57:01 +0000 2019,52,0,218,313,910915077636853760,jeny,+021,
4,,RT @sgnCancer: #CÃ¢ncer Mil namorarÃ£o ao teu lado. Dez mil casarÃ£o a tua direita. Mas tu nÃ£o serÃ¡s atingido.,PhpLobo,Sat Dec 07 01:56:50 +0000 2019,7,0,406,320,277068426,Fernando âš¡â¤,"MacaÃ©, Brasil","21 anos ğŸ”¥
Moreno do Sorriso Maroto ğŸ”¥ğŸ’•
Chevette ğŸ»

https://t.co/dIIa3DfJzMâ€¦"
5,,"RT @AquiCancer: #CÃ¢ncer Eu me importo com vocÃª, e nÃ£o Ã© pouco.",CabeYoxy,Sat Dec 07 01:56:31 +0000 2019,36,0,129,1118,3001569215,Nicole,bts / Cc/ NK,Â°â€¢Â° Y :)
6,,RT @sgnCancer: #CÃ¢ncer Mil namorarÃ£o ao teu lado. Dez mil casarÃ£o a tua direita. Mas tu nÃ£o serÃ¡s atingido.,ViviDulcete31,Sat Dec 07 01:56:09 +0000 2019,7,0,181,127,807671495384330240,Viviane dulcete,"Guarulhos, Brasil","talvez em Roma ,dm ğŸ˜"
7,,RT @sgnCancer: #CÃ¢ncer Mil namorarÃ£o ao teu lado. Dez mil casarÃ£o a tua direita. Mas tu nÃ£o serÃ¡s atingido.,naliviareiis,Sat Dec 07 01:55:54 +0000 2019,7,0,833,914,967736670614360065,Safada,027,https://t.co/epeAFvCgg4
8,,RT @sgnCancer: #CÃ¢ncer Mil namorarÃ£o ao teu lado. Dez mil casarÃ£o a tua direita. Mas tu nÃ£o serÃ¡s atingido.,Juuhmar6454,Sat Dec 07 01:55:37 +0000 2019,7,0,1584,4477,1016008667471204352,Insta: ju155_,Acari/ Amarelinho,@dudah_155 ğŸ‘­
9,,"RT @AquiCancer: #CÃ¢ncer Eu me importo com vocÃª, e nÃ£o Ã© pouco.",CharmosaaR,Sat Dec 07 01:55:18 +0000 2019,36,0,75,64,1100617416709681152,â„›á¥²Ïá¥™á¥’zá¥±á¥£ á¥´há¥²rmosá¥² â­,"Olaria, Rio de Janeiro",cÎ±Î·cÑ”ÑÄ±Î±Î·Î± â™‹||
10,,RT @sgnCancer: #CÃ¢ncer Mil namorarÃ£o ao teu lado. Dez mil casarÃ£o a tua direita. Mas tu nÃ£o serÃ¡s atingido.,crf_luka,Sat Dec 07 01:55:10 +0000 2019,7,0,729,1370,767050971751018497,Ã©s,mesquita city,"muitos falam, poucos sabem â‚ â‚ˆ â‚‰ â‚…"
11,,#CÃ¢ncer Mil namorarÃ£o ao teu lado. Dez mil casarÃ£o a tua direita. Mas tu nÃ£o serÃ¡s atingido.,sgnCancer,Sat Dec 07 01:55:02 +0000 2019,7,13,11,73617,733208672634036225,Signo de CÃ¢ncer,,Textos para o signo de CÃ¢ncer â™‹
12,,#graacc #hackathon  #indra SoluÃ§Ãµes para arrecadaÃ§Ã£o utilizando inteligÃªncia artificial.,elielsonfs,Sat Dec 07 01:54:23 +0000 2019,0,0,298,135,58998497,Elielson Ferreira,GoiÃ¢nia,Especialista em T.I.!
13,,"RT @AquiCancer: #CÃ¢ncer Eu sei que preciso ser forte, Ã© que as vezes Ã© difÃ­cil.",_euyasmym,Sat Dec 07 01:54:01 +0000 2019,96,0,427,483,1014987864956899329,YÌ·aÌ·sÌ·mÌ·iÌ·mÌ· ğŸ¤¬,Recreio dos Bandeirantes ,"Grata por tudo ğŸ™ŒğŸ¾â¤ğŸ¤ğŸ¾
11/06, 09/09 ğŸ˜‡ğŸ’”ğŸ˜­"
14,,RT @sgnCancer: #CÃ¢ncer 1 ano atrÃ¡s muita coisa era bem diferente.,Maicu_Silva,Sat Dec 07 01:53:55 +0000 2019,40,0,393,281,737818258951311360,Maycon ğŸ‘»ğŸˆ,,"Nois ta sumido mais nunca parado, progredindo no silencio pra nao atrair mal olhado ğŸ’°âœŒğŸ­ğŸˆ"
15,,"RT @AquiCancer: #CÃ¢ncer Felicidade nÃ£o Ã© uma questÃ£o de sorrir o dia inteiro, Ã© uma questÃ£o de se sentir bem consigo mesmo interiormente, oâ€¦",LunnahSorayahS2,Sat Dec 07 01:51:56 +0000 2019,65,0,229,225,1168922909890551814,Rosy Gomes #MVSDV,BR,Deus conhece perfeitamente o meu coraÃ§Ã£o e sabe q eu Ã± preciso de muito pra ser felizğŸŒ·ReciprocidadeğŸ”Cancerianaâ™‹â†ªNOVAS AMIZADES SÃƒO SMP BEM-VINDASâ†©#spfcâ™¥#MVSDV
16,,RT @AquiCancer: #CÃ¢ncer VocÃª Ã© inocente atÃ© beijarem seu pescoÃ§o.,analucrvg,Sat Dec 07 01:50:38 +0000 2019,75,0,2118,1883,775483156371795969,LuÃ­za Moura. ğŸ¦‹, ğŸ‘¶ğŸ½ğŸ’—,"Mother of a princess, Alice VitÃ³ria ğŸ¤±ğŸ½â€¢ Casada ğŸ’ğŸ‘¨â€ğŸ‘©â€ğŸ‘§ â€¢Vasco da Gama â¤ï¸"
17,,"RT @AquiCancer: #CÃ¢ncer Eu me importo com vocÃª, e nÃ£o Ã© pouco.",analucrvg,Sat Dec 07 01:50:01 +0000 2019,36,0,2118,1883,775483156371795969,LuÃ­za Moura. ğŸ¦‹, ğŸ‘¶ğŸ½ğŸ’—,"Mother of a princess, Alice VitÃ³ria ğŸ¤±ğŸ½â€¢ Casada ğŸ’ğŸ‘¨â€ğŸ‘©â€ğŸ‘§ â€¢Vasco da Gama â¤ï¸"
18,,"RT @AquiCancer: #CÃ¢ncer Eu me importo com vocÃª, e nÃ£o Ã© pouco.",MatheusGab11,Sat Dec 07 01:50:00 +0000 2019,36,0,1292,1281,848150135125266432,Matheus,"Belo Horizonte, Brasil",â— ANTES MORTO QUE MARIA ğŸ“â¤ â— C13.
19,,"RT @AquiCancer: #CÃ¢ncer Na verdade tudo nela Ã© interessante E quando estou com ela, nem percebo o tempo passar Deve ser porque ela Ã© a melhâ€¦",KaroolFreitass,Sat Dec 07 01:50:00 +0000 2019,36,0,69,23,4716980001,Karol Freitas,"TrÃªs Lagoas, Brasil","CÃ¢ncer â™‹
SDV"
20,,"RT @AquiCancer: #CÃ¢ncer Eu me importo com vocÃª, e nÃ£o Ã© pouco.",forlovelogan,Sat Dec 07 01:49:56 +0000 2019,36,0,137,116,1161083934500937728,Val,"Campo Grande, Brasil","Yeah, we been to hell and back But now we're right where we belong We just keep on falling ğŸ’™ğŸ¦‹"
21,,"RT @AquiCancer: #CÃ¢ncer Eu me importo com vocÃª, e nÃ£o Ã© pouco.",kethelen_crf157,Sat Dec 07 01:49:15 +0000 2019,36,0,141,171,1144754406556098562,ket,ferreira,"@pqp_naayhğŸ’–@flamengo
RJğŸŒ´"
22,,"RT @AquiCancer: #CÃ¢ncer Eu me importo com vocÃª, e nÃ£o Ã© pouco.",gira_te_dessa,Sat Dec 07 01:48:19 +0000 2019,36,0,198,287,1011393765041496065,Reisss à¥,"Castelo Branco, Portugal","â€¢Living young, wild and freeâ€¢ â˜®ï¸"
23,,"RT @AquiCancer: #CÃ¢ncer Eu me importo com vocÃª, e nÃ£o Ã© pouco.",juujuu_22,Sat Dec 07 01:47:22 +0000 2019,36,0,1007,2239,749712194351300608,Cachinhos â¤,"Neves, SÃ£o GonÃ§alo","Quando vocÃª menos esperar, as coisas vÃ£o acontecer ğŸ˜Š // Jonathan Martins meu eterno anjo â¤ğŸ‘¼ğŸ¼
//#EternoBocağŸ‘¼ğŸ¼  @Flamengo â¤ğŸ–¤ @Wendel33604810 ğŸ’‘â¤"
24,,"RT @AquiCancer: #CÃ¢ncer Precisamos aprender a seguir em frente, olhar pra trÃ¡s nÃ£o vai nos levar a lugar nenhum.",soutrouxapracrc,Sat Dec 07 01:46:50 +0000 2019,52,0,132,99,759587935847145473,Victorá¶œÊ³á¶ ,.,@flamengo â¤ï¸ğŸ–¤
25,,"RT @AquiCancer: #CÃ¢ncer Precisamos aprender a seguir em frente, olhar pra trÃ¡s nÃ£o vai nos levar a lugar nenhum.",mariafncastro01,Sat Dec 07 01:46:25 +0000 2019,52,0,408,867,783749363805880320,Ñ‚Ï…xÎ±,"Lousada, Porto","Maria Castro, 18| ğŸ’™
Iscap ğŸ“"
26,,"RT @AquiCancer: #CÃ¢ncer Eu me importo com vocÃª, e nÃ£o Ã© pouco.",Isabele051,Sat Dec 07 01:45:11 +0000 2019,36,0,181,182,1132790664083791874,Isabele Caroline ğŸŒ¸,,"Meu filho, minha vida. â¤ï¸ğŸ‘©â€ğŸ‘¦"
27,,"RT @AquiCancer: #CÃ¢ncer Eu me importo com vocÃª, e nÃ£o Ã© pouco.",monteiroonat,Sat Dec 07 01:43:56 +0000 2019,36,0,415,2574,973186664574148608,Nat Monteiro.,"NiterÃ³i, Brasil","É¢á´œá´€Ê€á´…á´€-á´á´‡ á´„á´á´á´ á´€ á´á´‡É´ÉªÉ´á´€ á´…á´s á´›á´‡á´œs á´ÊŸÊœá´s; á´‡sá´„á´É´á´…á´‡-á´á´‡ á´€ sá´á´Ê™Ê€á´€ á´…á´€s á´›á´œá´€s á´€sá´€s.
sá´€ÊŸá´á´s 17:8"
28,,RT @AquiCancer: #CÃ¢ncer E era nÃ£o querendo ninguÃ©m que comecei a querer vocÃª?,Matias2627,Sat Dec 07 01:43:45 +0000 2019,34,0,288,211,867419311333404673,MatiasğŸ’™,"Coimbra, Portugal","AACâšªâš«
ESDDğŸ“š
Ig: _ana004
ğŸ‘»: analuisa1282"
29,,"RT @AquiCancer: #CÃ¢ncer Eu sei que preciso ser forte, Ã© que as vezes Ã© difÃ­cil.",magui_girao,Sat Dec 07 01:43:03 +0000 2019,96,0,279,405,1475835410,Maggie,Leiria,UÃ‰vora ğŸ“ Ig: magui_girao
30,,"RT @AquiCancer: #CÃ¢ncer Eu me importo com vocÃª, e nÃ£o Ã© pouco.",joao_assis2,Sat Dec 07 01:42:53 +0000 2019,36,0,468,643,1065797579865292800,JoÃ£o ğŸ¥‹ğŸ¤©âš½,JpağŸ‘»,TUDO POSSO NAQUELE QUE ME FORTALECER
31,,"RT @AquiCancer: #CÃ¢ncer Eu me importo com vocÃª, e nÃ£o Ã© pouco.",LCSilv4a,Sat Dec 07 01:42:45 +0000 2019,36,0,719,805,2951794630,LC ğŸ’ˆğŸ“,"CG, Rj","LC do DisfarÃ§ado ğŸ“ 
eterno irmÃ£o vt ğŸ‘¼"
32,,"RT @AquiCancer: #CÃ¢ncer Eu me importo com vocÃª, e nÃ£o Ã© pouco.",digatta23,Sat Dec 07 01:41:28 +0000 2019,36,0,4541,6319,1036758296353538050,Ãndia rs,ğŸŠ,Amo vocÃªs eternamente Danielle & Mirelle VitoriağŸ’–ğŸ‘¼ğŸ˜“ @FilipeRetğŸ’
33,,"RT @AquiCancer: #CÃ¢ncer Eu me importo com vocÃª, e nÃ£o Ã© pouco.",LizikyCarvalho,Sat Dec 07 01:41:27 +0000 2019,36,0,1630,1758,4886253664,Roqueira que tambÃ©m escuta ModÃ£oâ˜ ï¸ğŸ¤ ,Em outro patamarğŸŒ¹ ,"Me leve para a cidade paraÃ­so
Onde a grama Ã© verde e as garotas sÃ£o lindasğŸ¶ğŸŒ¹ğŸ”«â˜ ï¸ğŸ©ğŸ–¤

Quem se descreve, se limita ğŸŒ¹ğŸƒğŸ‘‘"
34,,"RT @AquiCancer: #CÃ¢ncer Eu me importo com vocÃª, e nÃ£o Ã© pouco.",eulc96,Sat Dec 07 01:40:41 +0000 2019,36,0,1048,1491,743576485882114048,L|C ğŸš©,,"18Y / Flamenguista â¤ï¸ğŸ–¤ / Liberdade Para os Amigos Privado ğŸ’” / Wpp : 21 9 7514-8149 ğŸ“±
O Senhor Ã© Meu Pastor e Nada me FaltarÃ¡ ğŸ™ ."
35,,"RT @sgnCancer: #CÃ¢ncer NÃ£o desista, tente mais um pouco!",Setubaal,Sat Dec 07 01:39:07 +0000 2019,37,0,332,182,72686990,Jess,"Rio de Janeiro, Brasil","Trance, Rave â¤ï¸ğŸ"
36,,"RT @AquiCancer: #CÃ¢ncer Eu me importo com vocÃª, e nÃ£o Ã© pouco.",NuriaCunha4,Sat Dec 07 01:38:54 +0000 2019,36,0,228,168,1080920051165904898,nÃºria âœ¨,,4teen â€¢ esdasğŸ“š ig : nuria.cunha6
37,,"RT @AquiCancer: #CÃ¢ncer Eu me importo com vocÃª, e nÃ£o Ã© pouco.",MarcielleRodri,Sat Dec 07 01:38:52 +0000 2019,36,0,916,1087,799664559602573312,Chiclete ğŸ˜,021,"~ Se vocÃª for legal comigo eu vou ser legal com vocÃª, agora se quiser transformar tudo isso num inferno, prazer eu sou o capeta Â¡Â¡ ğŸ˜ˆ 





ğŸŒˆ|â™‹"
38,,MutirÃ£o farÃ¡ diagnÃ³stico precoce de cÃ¢ncer de pele em todo o paÃ­s https://t.co/3b8tdRnvT3 #SaÃºde #CÃ¢ncerâ€¦ https://t.co/kbYviGze7o,imirante,Sat Dec 07 01:38:47 +0000 2019,0,1,3018,137645,18888488,Imirante.com,"MaranhÃ£o, Brasil","Portal https://t.co/AwSyXKL7KB - A informaÃ§Ã£o no seu tempo. / Imicast:
https://t.co/J92mgvnYxH"
39,,"RT @AquiCancer: #CÃ¢ncer Eu me importo com vocÃª, e nÃ£o Ã© pouco.",Sul4M1T4,Sat Dec 07 01:38:23 +0000 2019,36,0,808,419,1002975192497508354,susu,"Santa Tereza, Belford Roxo",nÃ£o priorize alguÃ©m que sÃ³ te procura quando nÃ£o tem outra pessoa {Best People That Life Brought Me:11.06/11.03/13.10} EMILLY AMOR DA DINDA â™¥
40,,"RT @AquiCancer: #CÃ¢ncer Eu me importo com vocÃª, e nÃ£o Ã© pouco.",luxsilvaa,Sat Dec 07 01:38:18 +0000 2019,36,0,362,550,4700302245,luana,na casa do crlh ,
41,,"RT @AquiCancer: #CÃ¢ncer Precisamos aprender a seguir em frente, olhar pra trÃ¡s nÃ£o vai nos levar a lugar nenhum.",Gtorress80,Sat Dec 07 01:37:57 +0000 2019,52,0,723,790,805088803379617792,Torres ğŸ‡§ğŸ‡·,Localizandooo...,19 aninhos/ MÃ£e e VÃ³ğŸ‘‘ / botafoguense/ â¤ï¸ Jesus Cristoâ¤ï¸ @Diasxx1â™¥ï¸
42,,"RT @AquiCancer: #CÃ¢ncer Eu me importo com vocÃª, e nÃ£o Ã© pouco.",_andrpl,Sat Dec 07 01:37:56 +0000 2019,36,0,137,174,1167569894315106304,ğ“…ğ’¶ğ‘œğ“ğ’¶,,@mauro_weyllfdsğŸ’
43,,"RT @AquiCancer: #CÃ¢ncer Eu me importo com vocÃª, e nÃ£o Ã© pouco.",Juliohp07,Sat Dec 07 01:37:34 +0000 2019,36,0,1747,469,1041429419846500353,Julinho,,Hay algo que tal vez deba decirte ğŸ’™ğŸ’œ
44,,"RT @AquiCancer: #CÃ¢ncer Eu me importo com vocÃª, e nÃ£o Ã© pouco.",_gabrielthomaz,Sat Dec 07 01:37:14 +0000 2019,36,0,402,272,1092832370703638529,Gabriel Thomaz,,@Cruzeiro
45,,"RT @AquiCancer: #CÃ¢ncer Eu me importo com vocÃª, e nÃ£o Ã© pouco.",Gontarekk,Sat Dec 07 01:36:42 +0000 2019,36,0,761,584,845986029806989313,Guilherme.,,:/
46,,"RT @AquiCancer: #CÃ¢ncer Eu me importo com vocÃª, e nÃ£o Ã© pouco.",Perigosa_Souza,Sat Dec 07 01:36:39 +0000 2019,36,0,466,259,951216422008557568,Docinho ğŸ­ğŸ¯,terra do louco,MamÃ£e do Pietro â£ï¸
47,,"RT @AquiCancer: #CÃ¢ncer Eu me importo com vocÃª, e nÃ£o Ã© pouco.",eugatadeby,Sat Dec 07 01:36:36 +0000 2019,36,0,228,216,851855747881349123,' DÃ©bora Moraes,,"As mulheres donas de si a uns dÃ£o medo, a outros vontades!!! ğŸŒ»"
48,,"RT @AquiCancer: #CÃ¢ncer Eu me importo com vocÃª, e nÃ£o Ã© pouco.",revoltadofxp,Sat Dec 07 01:36:36 +0000 2019,36,0,523,647,936480127399137280,ETERNO G.H ğŸ’”ğŸ˜­,C.V âœŒğŸš©,"'Mil podem cair a sua esquerda dez mil Ã  sua direita, mas nenhum mal o atingirÃ¡!'  gelado, leleco, Ã­ndio, peppa Sdds eternas ğŸ’”ğŸ˜¢"
49,,"RT @AquiCancer: #CÃ¢ncer Precisamos aprender a seguir em frente, olhar pra trÃ¡s nÃ£o vai nos levar a lugar nenhum.",letconstantino_,Sat Dec 07 01:36:26 +0000 2019,52,0,393,576,1018412453338734592,L E T Ã C I A âš«ï¸ğŸ”´,"Campos dos Goytacazes, Brasil",@flamengo atÃ© morrer â¤ï¸
50,,"RT @NewsAstral: #CÃ¢ncer Precisamos aprender a seguir em frente, olhar pra trÃ¡s nÃ£o vai nos levar a lugar nenhum.",RTZODIACO,Sat Dec 07 01:36:25 +0000 2019,1,0,367,350,767376757234294784,RTzodiaco,Brasil,
51,,"RT @AquiCancer: #CÃ¢ncer Eu me importo com vocÃª, e nÃ£o Ã© pouco.",aiogurte,Sat Dec 07 01:35:50 +0000 2019,36,0,710,485,2310066471,A ProblemÃ¡tica â³,https://www.facebook.com/tania,âš“So just try again! âš“
52,,"RT @AquiCancer: #CÃ¢ncer Eu me importo com vocÃª, e nÃ£o Ã© pouco.",thur021,Sat Dec 07 01:35:50 +0000 2019,36,0,984,941,1135643568775864320,thurğŸ¤™ğŸ¿ğŸ’–,no coraÃ§Ã£o da minha princesağŸ’–,TODOS NÃ“S PRECISAMOS DE UM PSICÃ“LOGO!ğŸ¥ºğŸ¤ğŸ¾
53,,RT @sgnCancer: #CÃ¢ncer Ã‰ fÃ¡cil perdoar. DifÃ­cil Ã© acreditar que o erro nÃ£o vai se repetir.,Henriqu11879867,Sat Dec 07 01:35:46 +0000 2019,35,0,334,37,1157335277712609280,Henrique,,
54,,"RT @AquiCancer: #CÃ¢ncer Eu me importo com vocÃª, e nÃ£o Ã© pouco.",hws_gg,Sat Dec 07 01:35:35 +0000 2019,36,0,56,27,1192590707502047232,ggzex,"Uberaba, Curitiba",
55,,"RT @AquiCancer: #CÃ¢ncer Eu me importo com vocÃª, e nÃ£o Ã© pouco.",maailima125,Sat Dec 07 01:35:31 +0000 2019,36,0,368,468,1026451488531460096,MRğŸˆ,localizandooo ğŸ”¥,"Pela lÃ³gica, eu nÃ£o agrado a todos. E pela minha vontade, eu nÃ£o faÃ§o questÃ£o ğŸ¤ª
  Meu amor maior JoÃ£o Victor ğŸ’™
@ChmRaiz ğŸ’ğŸ’˜"
56,,"RT @AquiCancer: #CÃ¢ncer Eu me importo com vocÃª, e nÃ£o Ã© pouco.",princesaaa_2515,Sat Dec 07 01:35:27 +0000 2019,36,0,87,81,1192093565972832258,Roberta,trindade ,"â€œMas, quando eu sentir medo, confiarei no Senhor.â€  
â€” Salmos 56:3"
57,,"RT @AquiCancer: #CÃ¢ncer Eu me importo com vocÃª, e nÃ£o Ã© pouco.",JAAPS_OFICIAL,Sat Dec 07 01:35:20 +0000 2019,36,0,1187,1958,164841709,"INGRESSOS CARIBBEAN 50,00",BECK STEEL EXCURSÃ•ES E ING â¬‡ï¸â¬‡,"Eu te vi no cÃ©u, dando rolÃª de moto com os anjos ğŸğŸŒªğŸ˜‡ 
ğŸ•‡ğŸ•† Meu amor eterno Davi GontijoğŸ•‡ğŸ•‡
@claara_lua ğŸ’ğŸ‘­ğŸ’"
58,,"RT @AquiCancer: #CÃ¢ncer Felicidade nÃ£o Ã© uma questÃ£o de sorrir o dia inteiro, Ã© uma questÃ£o de se sentir bem consigo mesmo interiormente, oâ€¦",aiogurte,Sat Dec 07 01:35:15 +0000 2019,65,0,710,485,2310066471,A ProblemÃ¡tica â³,https://www.facebook.com/tania,âš“So just try again! âš“
59,,"#CÃ¢ncer Eu me importo com vocÃª, e nÃ£o Ã© pouco.",AquiCancer,Sat Dec 07 01:35:02 +0000 2019,36,64,11,107575,839514571,CÃ¢ncer,,Maior Twitter do signo de CÃ¢ncer do Brasil.
60,,"RT @AquiCancer: #CÃ¢ncer Pra que tantas promessas, se no final sempre vai embora?",aiogurte,Sat Dec 07 01:34:55 +0000 2019,86,0,710,485,2310066471,A ProblemÃ¡tica â³,https://www.facebook.com/tania,âš“So just try again! âš“
61,,"RT @curio_signos: Palavra do Dia dos Signos ğŸ’™

#Ãries ğŸ Sinceridade
#Touro ğŸ‚ Honestidade
#GÃªmeos ğŸ‘« FÃ©
#CÃ¢ncer ğŸ¦€ Positividade
#LeÃ£o ğŸ¦ Prospeâ€¦",katiakevily,Sat Dec 07 01:34:41 +0000 2019,57,0,596,611,987475234814078976,Kahá¶œÊ³á¶ ,"SeropÃ©dica, Brasil","#flamenguista ğŸ”´âš« /
18 aninhos ğŸ”¥ /
cancerianaâ™‹ /
https://t.co/wRuQrxRD7l"
62,,"RT @AquiCancer: #CÃ¢ncer Na verdade tudo nela Ã© interessante E quando estou com ela, nem percebo o tempo passar Deve ser porque ela Ã© a melhâ€¦",Matias2627,Sat Dec 07 01:34:11 +0000 2019,36,0,288,211,867419311333404673,MatiasğŸ’™,"Coimbra, Portugal","AACâšªâš«
ESDDğŸ“š
Ig: _ana004
ğŸ‘»: analuisa1282"
63,,"RT @sgnCancer: #CÃ¢ncer NÃ£o Ã© que eu nÃ£o tenha coraÃ§Ã£o, eu apenas desisti de usÃ¡-lo.",Matias2627,Sat Dec 07 01:34:05 +0000 2019,18,0,288,211,867419311333404673,MatiasğŸ’™,"Coimbra, Portugal","AACâšªâš«
ESDDğŸ“š
Ig: _ana004
ğŸ‘»: analuisa1282"
64,,"RT @AquiCancer: #CÃ¢ncer Precisamos aprender a seguir em frente, olhar pra trÃ¡s nÃ£o vai nos levar a lugar nenhum.",FehDosSantos2,Sat Dec 07 01:33:36 +0000 2019,52,0,70,56,1027336016603099137,Rejeitada,Ãgua verde ,"Rejeitada por todos fazer oq neh babyğŸ˜’
16 aninhos"
65,,"#CÃ¢ncer Precisamos aprender a seguir em frente, olhar pra trÃ¡s nÃ£o vai nos levar a lugar nenhum.",NewsAstral,Sat Dec 07 01:32:32 +0000 2019,1,1,8148,7008,1347861170,News Astral,"SÃ£o Paulo, Brasil",Acompanhe Suas PrevisÃµes  DiÃ¡rias.
66,,"RT @curio_signos: Palavra do Dia dos Signos ğŸ’™

#Ãries ğŸ Sinceridade
#Touro ğŸ‚ Honestidade
#GÃªmeos ğŸ‘« FÃ©
#CÃ¢ncer ğŸ¦€ Positividade
#LeÃ£o ğŸ¦ Prospeâ€¦",BrunaBr11220883,Sat Dec 07 01:30:33 +0000 2019,57,0,302,50,1159249218508414976,Bruna BrancoğŸ˜ğŸ˜,"Rio de Janeiro, Brasil","Ela Ã© de fase,toda bipolar.Cheia de marra,durona por fora e coraÃ§Ã£o mole por dentro.Toda inocente,toda estressada e toda apaixonada ğŸ˜ğŸ˜â¤â¤ğŸŒ·ğŸŒ·"
67,,"RT @AquiCancer: #CÃ¢ncer Talvez eu sinta saudade de vocÃª, quando a minha raiva passar",BeatrizBendor,Sat Dec 07 01:30:11 +0000 2019,58,0,391,698,882010540775813121,Beaâ™¥,"Bento Ribeiro, Rio de Janeiro",https://t.co/7eGb1tTYEZ
68,,"RT @AquiCancer: #CÃ¢ncer Precisamos aprender a seguir em frente, olhar pra trÃ¡s nÃ£o vai nos levar a lugar nenhum.",magui_cunha,Sat Dec 07 01:29:00 +0000 2019,52,0,52,23,1055938900349386753,Margarida Fernandes ğŸ¦‹,"Fafe, Portugal",
69,,"RT @AquiCancer: #CÃ¢ncer Precisamos aprender a seguir em frente, olhar pra trÃ¡s nÃ£o vai nos levar a lugar nenhum.",pxDeboraa,Sat Dec 07 01:26:22 +0000 2019,52,0,906,642,826504940742963200,DÃ©borah ğŸ‘¸â¤,aonde nÃ£o te interessa ğŸ˜˜,Minha base ğŸ‘ª  Clayton ğŸ’â¤  14/10/2017ğŸ‘«â¤ Manuelly ğŸ‘©â¤ Luiz Miguel ğŸ‘¦â¤
70,,"RT @sgnCancer: #CÃ¢ncer O dom de parecer grossa quando, para mim, estou falando normalmente.",leaoziinho7,Sat Dec 07 01:23:58 +0000 2019,57,0,983,889,1016908473496457216,ğŸ…”ğŸ…¢ğŸ…£ğŸ…”ğŸ…•ğŸ…ğŸ…ğŸ…ğŸ…¨ğŸ–¤,,"ğŸ’™dinda do Taylon e ThallysğŸ‘£
â™‹CÃ¢ncerianağŸ’œ
ğŸŒ»984947740ğŸ˜‡"
71,,RT @sgnCancer: #CÃ¢ncer Ã‰ fÃ¡cil perdoar. DifÃ­cil Ã© acreditar que o erro nÃ£o vai se repetir.,LeeticiaCristi4,Sat Dec 07 01:23:03 +0000 2019,35,0,1776,3578,743268088381054976,LetÃ­cia á¶œÊ³á¶  ğŸ™…,"Chatuba, Mesquita","@FlamengoğŸ”´âš« 
@meninas_srn â¤"
72,,RT @sgnCancer: #CÃ¢ncer Ã‰ fÃ¡cil perdoar. DifÃ­cil Ã© acreditar que o erro nÃ£o vai se repetir.,Vitoriaabreu121,Sat Dec 07 01:22:47 +0000 2019,35,0,54,31,930474417087504385,Vitoria Fernandes â™¥ï¸,"Rio de Janeiro, Brasil","NÃ£o tenho tempo para lembrar de quem me deixou triste,estou mais preocupado com quem me faz feliz."
73,,"RT @AquiCancer: #CÃ¢ncer Felicidade nÃ£o Ã© uma questÃ£o de sorrir o dia inteiro, Ã© uma questÃ£o de se sentir bem consigo mesmo interiormente, oâ€¦",Princesinha0811,Sat Dec 07 01:21:40 +0000 2019,65,0,50,10,1200812898676887554,Princesinha155,"Duque de Caxias, Brasil","sem tempo irmÃ£o
@rsvdix m.a
@MT7nkâ¤ğŸ’‘ğŸ’"
74,,"RT @AquiCancer: #CÃ¢ncer Precisamos aprender a seguir em frente, olhar pra trÃ¡s nÃ£o vai nos levar a lugar nenhum.",aiogurte,Sat Dec 07 01:21:19 +0000 2019,52,0,710,485,2310066471,A ProblemÃ¡tica â³,https://www.facebook.com/tania,âš“So just try again! âš“
75,,"RT @AquiCancer: #CÃ¢ncer Eu sei que preciso ser forte, Ã© que as vezes Ã© difÃ­cil.",MendesLean,Sat Dec 07 01:19:36 +0000 2019,96,0,1788,1175,1187393552,Apenas um sobrevivente ğŸ¤¯,"Rio de Janeiro, Brasil",ğŸ‘¨â€ğŸ’»ğŸ¤ğŸ’«ğŸ‘ ğŸ“
76,,RT @AquiCancer: #CÃ¢ncer NÃ³s somos tÃ£o cegos para enxergar o que estÃ¡ realmente na frente dos nossos olhos.,Onofreju17,Sat Dec 07 01:19:34 +0000 2019,60,0,180,407,747306290301407232,cat ğŸ˜¸,021 Â· 022,"@flamengo â€¢ bblinda, flamenguista e campeÃ£ â€¢  Sou teimosa, ciumenta, confusa, estressada e grossa. E ainda assim, consigo ser a pessoa mais sensÃ­vel do mundo."
77,,"RT @AquiCancer: #CÃ¢ncer Eu sei que preciso ser forte, Ã© que as vezes Ã© difÃ­cil.",Matias2627,Sat Dec 07 01:18:51 +0000 2019,96,0,288,211,867419311333404673,MatiasğŸ’™,"Coimbra, Portugal","AACâšªâš«
ESDDğŸ“š
Ig: _ana004
ğŸ‘»: analuisa1282"
78,,RT @sgnCancer: #CÃ¢ncer Ã‰ fÃ¡cil perdoar. DifÃ­cil Ã© acreditar que o erro nÃ£o vai se repetir.,Dudasan91070116,Sat Dec 07 01:18:23 +0000 2019,35,0,376,177,1057313720358051840,Duda santos,Angrinha,@Flamengoâ¤ EnfermagemğŸ’‰â¤ï¸
79,,"RT @sgnCancer: #CÃ¢ncer O dom de parecer grossa quando, para mim, estou falando normalmente.",andrezavips1,Sat Dec 07 01:17:20 +0000 2019,57,0,86,45,3420110381,DrÃªCostağŸ’•,ğŸ’™,Sonhando ela sabia que o mundo se tornaria um lugar mais bonito. ğŸŒ¸
80,,"RT @AquiCancer: #CÃ¢ncer Precisamos aprender a seguir em frente, olhar pra trÃ¡s nÃ£o vai nos levar a lugar nenhum.",Matias2627,Sat Dec 07 01:17:19 +0000 2019,52,0,288,211,867419311333404673,MatiasğŸ’™,"Coimbra, Portugal","AACâšªâš«
ESDDğŸ“š
Ig: _ana004
ğŸ‘»: analuisa1282"
81,,"RT @sgnCancer: #CÃ¢ncer O dom de parecer grossa quando, para mim, estou falando normalmente.",Matias2627,Sat Dec 07 01:17:11 +0000 2019,57,0,288,211,867419311333404673,MatiasğŸ’™,"Coimbra, Portugal","AACâšªâš«
ESDDğŸ“š
Ig: _ana004
ğŸ‘»: analuisa1282"
82,,"No sÃ¡bado (7)  HRAN realiza mutirÃ£o com 400 atendimentos para cÃ¢ncer de pele

https://t.co/EuzeUaFYXO

#CÃ¢ncerâ€¦ https://t.co/uaVbZnAm1I",kleberkarpov,Sat Dec 07 01:16:48 +0000 2019,0,0,905,624,25091081,Kleber Karpov,"BrasÃ­lia, Brasil","Jornalista, editor PolÃ­tica Distrital, ex-secret. Municip. ComunicaÃ§Ã£o de SAD, PÃ³s-graduando em Auditoria e GestÃ£o em ServiÃ§os de SaÃºde e MBA NeuroMarketing."
83,,"RT @AquiCancer: #CÃ¢ncer Precisamos aprender a seguir em frente, olhar pra trÃ¡s nÃ£o vai nos levar a lugar nenhum.",fdsaraujors,Sat Dec 07 01:14:42 +0000 2019,52,0,836,3660,2967278777,Isa ğŸŒ¸,Angrinha ,"Davi Lucas, mamÃ£e te ama!!!â¤Casada/ @LCsemjuizo â¤ Pra nÃ³s todo amor do mundo! â¤ï¸/ Caio Hugo e Kaique Eternosâ­â¤"
84,,RT @sgnCancer: #CÃ¢ncer Ã‰ fÃ¡cil perdoar. DifÃ­cil Ã© acreditar que o erro nÃ£o vai se repetir.,Matias2627,Sat Dec 07 01:14:13 +0000 2019,35,0,288,211,867419311333404673,MatiasğŸ’™,"Coimbra, Portugal","AACâšªâš«
ESDDğŸ“š
Ig: _ana004
ğŸ‘»: analuisa1282"
85,,"RT @AquiCancer: #CÃ¢ncer Eu sei que preciso ser forte, Ã© que as vezes Ã© difÃ­cil.",PiresNem,Sat Dec 07 01:12:55 +0000 2019,96,0,844,1248,1067133511780438016,Nem pires ğŸ¤‘,"Nova IguaÃ§u, Brasil","FÃ© em Deus, Canceriano, 21 anos 27.10"
86,,"RT @AquiCancer: #CÃ¢ncer Precisamos aprender a seguir em frente, olhar pra trÃ¡s nÃ£o vai nos levar a lugar nenhum.",Marquesnicole15,Sat Dec 07 01:12:02 +0000 2019,52,0,2764,2995,795307189422399488,marque$ğŸ˜¾,cidade alta- 013,Sou do AXÃ‰ e nÃ£o nego minha FÃ‰ âš”ï¸ğŸ’™//okÃª cabocloğŸ¹
87,,RT @sgnCancer: #CÃ¢ncer Ã‰ fÃ¡cil perdoar. DifÃ­cil Ã© acreditar que o erro nÃ£o vai se repetir.,glesiaCMS,Sat Dec 07 01:11:57 +0000 2019,35,0,116,83,1181387026307981322,Glesiaâ™‹,Onde O Uber Cancela A Viagem ,"cancerianaâ™‹
MamÃ£e de 3ğŸ‘¦ğŸ‘§ğŸ¤±"
88,,"RT @curio_signos: Palavra do Dia dos Signos ğŸ’™

#Ãries ğŸ Sinceridade
#Touro ğŸ‚ Honestidade
#GÃªmeos ğŸ‘« FÃ©
#CÃ¢ncer ğŸ¦€ Positividade
#LeÃ£o ğŸ¦ Prospeâ€¦",Noviinha_Lindaa,Sat Dec 07 01:10:40 +0000 2019,57,0,1026,1110,800472557606473728,Â° ğ“˜ğ“·ğ“°ğ“»ğ“²ğ“­ ğŸŒ¸,Futura Enfermeira,24/09/2016 @ManoTicelinğŸ’. 14/02/2017 Eterna NessağŸ‘¼â™¡.  17/10/2017 Anjo Rael ğŸ˜­ğŸ‘¼ ... Mikaelly e J.PedroğŸ‘¶. NinguÃ©m Explica DeusğŸµğŸ™ŒğŸ‘ğŸ˜    FLAMENGUISTA ğŸ–¤â¤ğŸ¤
89,,RT @sgnCancer: #CÃ¢ncer Ã‰ fÃ¡cil perdoar. DifÃ­cil Ã© acreditar que o erro nÃ£o vai se repetir.,estefani_soika,Sat Dec 07 01:10:03 +0000 2019,35,0,144,39,958519652942012418,estefani soika,,
90,,RT @sgnCancer: #CÃ¢ncer Ã‰ fÃ¡cil perdoar. DifÃ­cil Ã© acreditar que o erro nÃ£o vai se repetir.,santosyasmim091,Sat Dec 07 01:08:14 +0000 2019,35,0,144,278,1124016022607081474,Yas ğŸ’«,,"Casada ğŸ’
J & Y ğŸ’"
91,,"RT @sgnCancer: #CÃ¢ncer Nunca humilha ninguÃ©m, vocÃª nÃ£o sabe o dia de amanhÃ£.",santosyasmim091,Sat Dec 07 01:08:09 +0000 2019,25,0,144,278,1124016022607081474,Yas ğŸ’«,,"Casada ğŸ’
J & Y ğŸ’"
92,,"RT @sgnCancer: #CÃ¢ncer O dom de parecer grossa quando, para mim, estou falando normalmente.",Fxp0011,Sat Dec 07 01:07:15 +0000 2019,57,0,659,930,796802361310191617,Nicacio ğŸ’•,"Long Beach, CA","17 AninhosğŸŒº / espÃ­rita ğŸ‘³/ Casada ğŸ’/
insta : Eu_Vitorialeal / Amizades novas sempre bem vinda. 
dm liberadaaa ğŸŒºğŸ¥°"
93,,RT @sgnCancer: #CÃ¢ncer Ã‰ fÃ¡cil perdoar. DifÃ­cil Ã© acreditar que o erro nÃ£o vai se repetir.,kenia_lucinda1,Sat Dec 07 01:05:26 +0000 2019,35,0,170,90,712098467699662849,@bbpanda ğŸ¼â™¥ï¸,"SÃ£o Paulo, Brasil","Being happy is my goal! ğŸ˜„

ğŸ“·  https://t.co/jeT2OMe9hm"
94,,RT @sgnCancer: #CÃ¢ncer Ã‰ fÃ¡cil perdoar. DifÃ­cil Ã© acreditar que o erro nÃ£o vai se repetir.,MariiaLuiza03,Sat Dec 07 01:04:39 +0000 2019,35,0,488,521,866450496042795008,M Luiza ğŸ¦‹,,RJ |â™‹ | Flaâ¤| 17 y
95,,RT @sgnCancer: #CÃ¢ncer Ã‰ fÃ¡cil perdoar. DifÃ­cil Ã© acreditar que o erro nÃ£o vai se repetir.,souza_nanny0904,Sat Dec 07 01:04:16 +0000 2019,35,0,52,43,1180623879280189441,Nanny â™‹ğŸ’–,"Araruama, Brasil",Futura fuzileira â¤ğŸ˜ Canceriana â™‹ jiu-jitsu â¤ï¸ Flamenguista ğŸ–¤â™¥ï¸ğŸ–¤â™¥ï¸ğŸ–¤
96,,"RT @AquiCancer: #CÃ¢ncer Precisamos aprender a seguir em frente, olhar pra trÃ¡s nÃ£o vai nos levar a lugar nenhum.",Pedrinn_M07,Sat Dec 07 01:02:41 +0000 2019,52,0,182,93,1135024117630078976,Pretchaco ğŸ¥‹,,"PedrinhoÂ¹Â¹
16/08/17 â¤ğŸ’‘ğŸ’ 
@laysa_santosss ğŸ¤ğŸ‘©â€â¤ï¸â€ğŸ’‹â€ğŸ‘¨"
97,,RT @sgnCancer: #CÃ¢ncer Ã‰ fÃ¡cil perdoar. DifÃ­cil Ã© acreditar que o erro nÃ£o vai se repetir.,Pedrinn_M07,Sat Dec 07 01:02:22 +0000 2019,35,0,182,93,1135024117630078976,Pretchaco ğŸ¥‹,,"PedrinhoÂ¹Â¹
16/08/17 â¤ğŸ’‘ğŸ’ 
@laysa_santosss ğŸ¤ğŸ‘©â€â¤ï¸â€ğŸ’‹â€ğŸ‘¨"
98,,RT @sgnCancer: #CÃ¢ncer Ã‰ fÃ¡cil perdoar. DifÃ­cil Ã© acreditar que o erro nÃ£o vai se repetir.,AnaMurad2,Sat Dec 07 01:01:22 +0000 2019,35,0,995,1008,959052316304388097,MuradğŸ¤™ğŸ»,"EspÃ­rito Santo, Brasil",â€¢ intensa dms pra vocÃª entender  â€¢@027Renann m.a â€¢@Ruann_alvess m.ağŸ¤ğŸ»
99,,RT @sgnCancer: #CÃ¢ncer Ã‰ fÃ¡cil perdoar. DifÃ­cil Ã© acreditar que o erro nÃ£o vai se repetir.,KawaiiPrinc,Sat Dec 07 01:00:59 +0000 2019,35,0,257,130,1199850633299406849,Hina ğŸ’œ,,"Nerdices, K-pop e fome Ã© comigo mesmo!                 ğŸ’™ Promise? ğŸ’™ @MyLoveMX7"
100,,RT @sgnCancer: #CÃ¢ncer Ã‰ fÃ¡cil perdoar. DifÃ­cil Ã© acreditar que o erro nÃ£o vai se repetir.,nuunez_,Sat Dec 07 01:00:12 +0000 2019,35,0,107,59,1169925003183304704,AMANDA ğŸ§œğŸ¼â€â™€ï¸,"Belo Horizonte, Brasil",Golden girl âœ¨ https://t.co/AyI1RylGOt
101,,"RT @sgnCancer: #CÃ¢ncer Eu nÃ£o mudo por ninguÃ©m, mas melhoro por quem merece.",nextlevelpxdro,Sat Dec 07 00:59:58 +0000 2019,73,0,338,303,749774413491412993,pedro,No inferno,"fast food, gay rights e Ã© isso ai;"
102,,RT @sgnCancer: #CÃ¢ncer Ã‰ fÃ¡cil perdoar. DifÃ­cil Ã© acreditar que o erro nÃ£o vai se repetir.,HalanaRogowski,Sat Dec 07 00:59:42 +0000 2019,35,0,207,327,1097479825835638784,Halanaâ™‹â˜ªï¸,"Santa Catarina, Brasil","ğŸ“·halana_rwski13
ğŸ’¥"
103,,RT @sgnCancer: #CÃ¢ncer Ã‰ fÃ¡cil perdoar. DifÃ­cil Ã© acreditar que o erro nÃ£o vai se repetir.,Agathacostaaa17,Sat Dec 07 00:59:25 +0000 2019,35,0,141,141,1187835423709679617,Dandaâ™‹â¤ï¸,,"Meu plano Ã© um sÃ³ ficar com vc minha vida inteira 19/03/2017ğŸ˜ğŸ’‘ğŸ‘« Arthur amor da dindaâ¤ï¸
Futura pediatrağŸ“ e futura mÃ£e de casal â¤ï¸ğŸ‘©â€ğŸ‘§â€ğŸ‘§"
104,,RT @sgnCancer: #CÃ¢ncer Ã‰ fÃ¡cil perdoar. DifÃ­cil Ã© acreditar que o erro nÃ£o vai se repetir.,bbiazinha1,Sat Dec 07 00:59:24 +0000 2019,35,0,367,936,3763204835,ğŸŒ¸,,pai Marcelo  ğŸ˜­ğŸ˜‡â¤â¤ğŸ´
105,,RT @sgnCancer: #CÃ¢ncer Ã‰ fÃ¡cil perdoar. DifÃ­cil Ã© acreditar que o erro nÃ£o vai se repetir.,hellopretaa,Sat Dec 07 00:58:48 +0000 2019,35,0,706,975,3013336649,cami ğŸ¦‹,Irajacity,"Carioca / 18 verÃµes / Canceriana                     
          Eparrey ğŸƒğŸ¦‹âš¡ / AtotÃ´ ğŸ–¤ âœ"
106,,RT @sgnCancer: #CÃ¢ncer Ã‰ fÃ¡cil perdoar. DifÃ­cil Ã© acreditar que o erro nÃ£o vai se repetir.,qroqsafoda,Sat Dec 07 00:58:45 +0000 2019,35,0,448,815,1457388098,filipa,Portugal,ğŸ“Porto / 19 / Art'J ğŸ¤ / Insta: filipascruz
107,,RT @sgnCancer: #CÃ¢ncer Ã‰ fÃ¡cil perdoar. DifÃ­cil Ã© acreditar que o erro nÃ£o vai se repetir.,DIncomode,Sat Dec 07 00:58:11 +0000 2019,35,0,83,49,1125786738713141248,NÃ©litaa ğŸ¦€,,Nova conta pq a outra foi bloqueada :)
108,,RT @sgnCancer: #CÃ¢ncer Ã‰ fÃ¡cil perdoar. DifÃ­cil Ã© acreditar que o erro nÃ£o vai se repetir.,poxarita_,Sat Dec 07 00:58:03 +0000 2019,35,0,1719,1036,2470122770,1996 â™‹, AboliÃ§Ã£o ,"Minha eterna anja Maria Heloisa 25/01/2019 ğŸ˜‡ Dinda de um PrÃ­ncipe e quatro Princesas ğŸ‘‘
https://t.co/CUbgrpIYxi

Whatsapp : (021)973427045"
109,,RT @sgnCancer: #CÃ¢ncer Ã‰ fÃ¡cil perdoar. DifÃ­cil Ã© acreditar que o erro nÃ£o vai se repetir.,caths48,Sat Dec 07 00:57:26 +0000 2019,35,0,328,893,1316336107,amora ğŸ•µğŸ»â€â™€ï¸,"SetÃºbal, Portugal",ig: caths48 // 20y // Patinagem â›¸ï¸
110,,"RT @AquiCancer: #CÃ¢ncer Precisamos aprender a seguir em frente, olhar pra trÃ¡s nÃ£o vai nos levar a lugar nenhum.",thur021,Sat Dec 07 00:57:20 +0000 2019,52,0,984,941,1135643568775864320,thurğŸ¤™ğŸ¿ğŸ’–,no coraÃ§Ã£o da minha princesağŸ’–,TODOS NÃ“S PRECISAMOS DE UM PSICÃ“LOGO!ğŸ¥ºğŸ¤ğŸ¾
111,,RT @sgnCancer: #CÃ¢ncer Ã‰ fÃ¡cil perdoar. DifÃ­cil Ã© acreditar que o erro nÃ£o vai se repetir.,NaClara_Magalh2,Sat Dec 07 00:57:06 +0000 2019,35,0,54,170,1049450395007942656,ğ“ğ“ªğ“¬ğ“µğ“ªğ“»ğ“ª,"MacaÃ©, Brasil",@Flamengoâ¤ğŸ–¤
112,,RT @sgnCancer: #CÃ¢ncer Ã‰ fÃ¡cil perdoar. DifÃ­cil Ã© acreditar que o erro nÃ£o vai se repetir.,eveluiza07,Sat Dec 07 00:56:22 +0000 2019,35,0,408,202,1068317495923224576,EVE,Na tua,"@Flumimensefc    HAJA O QUE HOUVER
ONDE QUER QUE EU VÃ
COMIGO EU VOU LEVAR AS CORES QUE HERDEI
VERDE, BRANCO E GRENÃ
@gabrielehelen0,,,,,,"
113,,RT @sgnCancer: #CÃ¢ncer Ã‰ fÃ¡cil perdoar. DifÃ­cil Ã© acreditar que o erro nÃ£o vai se repetir.,tavinvapo,Sat Dec 07 00:56:03 +0000 2019,35,0,238,238,1178823676269142016,Joker ğŸ™…ğŸ¾â€â™‚ï¸,"CalifÃ³rnia, Nova IguaÃ§u",fodase
114,,RT @sgnCancer: #CÃ¢ncer Ã‰ fÃ¡cil perdoar. DifÃ­cil Ã© acreditar que o erro nÃ£o vai se repetir.,Juan04071999,Sat Dec 07 00:55:50 +0000 2019,35,0,394,54,845348497629044737,"FÃ© em Deus, copiou?","Porto Alegre, Brasil",
115,,RT @sgnCancer: #CÃ¢ncer Ã‰ fÃ¡cil perdoar. DifÃ­cil Ã© acreditar que o erro nÃ£o vai se repetir.,crf_prevot,Sat Dec 07 00:55:33 +0000 2019,35,0,1125,1303,1041842608824365059,à«®Î±à«¨Ïƒâ„“ Ïà«¨ÎµÑµÏƒÆ­ â¨,"Nova IguaÃ§u, Brasil",021ğŸŒ´ â€¢ EM DEZEMBRO DE 81 â€¢@flamengo.â€¢ğŸ’“ğŸ’ @gxxvxnnxğŸ˜» @barbosavacilonağŸ‘©â€â¤ï¸â€ğŸ’‹â€ğŸ‘©
116,,RT @sgnCancer: #CÃ¢ncer Ã‰ fÃ¡cil perdoar. DifÃ­cil Ã© acreditar que o erro nÃ£o vai se repetir.,annaaac_,Sat Dec 07 00:55:28 +0000 2019,35,0,393,1044,2943121108,carolina âœ¨,Lagoa,20y â€¢ canceriana â€¢ mamÃ£e do eterno Taylor ğŸ’«ğŸ¤± | @AvaiFC
117,,RT @sgnCancer: #CÃ¢ncer Ã‰ fÃ¡cil perdoar. DifÃ­cil Ã© acreditar que o erro nÃ£o vai se repetir.,mitingabrr_Abs,Sat Dec 07 00:55:12 +0000 2019,35,0,438,695,762461525651042305,mt abusado ğŸ‡ºğŸ‡¸ğŸ’¸,Cdd Ã¡rea de risco ğŸ˜‰âœŒ,"Abra sua mente e siga em frente. EsqueÃ§a o passado e viva o presente. ğŸ˜‰âœŒ
abusados da cdd ğŸ­ğŸ­"
118,,#CÃ¢ncer Ã‰ fÃ¡cil perdoar. DifÃ­cil Ã© acreditar que o erro nÃ£o vai se repetir.,sgnCancer,Sat Dec 07 00:55:02 +0000 2019,35,70,11,73617,733208672634036225,Signo de CÃ¢ncer,,Textos para o signo de CÃ¢ncer â™‹
119,,"RT @AquiCancer: #CÃ¢ncer Precisamos aprender a seguir em frente, olhar pra trÃ¡s nÃ£o vai nos levar a lugar nenhum.",_caaF22,Sat Dec 07 00:54:41 +0000 2019,52,0,172,373,791847372053684228,Docinho ğŸ€,"Rio de Janeiro, Brasil ",Flamenguista â¤ğŸ–¤ | FabrÃ­cio Diniz ğŸ¤ğŸ’
120,,RT @sgnCancer: #CÃ¢ncer Eu tenho o dom de mudar de humor umas vezes por dia.,NataliStupp,Sat Dec 07 00:51:01 +0000 2019,47,0,287,224,1024421317569859585,NÃ¡tali,"Presidente GetÃºlio, Brasil","Tenha coragem e seja gentil.ğŸŒ¸
                                       AcadÃªmica em IPC ğŸ“’ğŸ”"
121,,"RT @curio_signos: Palavra do Dia dos Signos ğŸ’™

#Ãries ğŸ Sinceridade
#Touro ğŸ‚ Honestidade
#GÃªmeos ğŸ‘« FÃ©
#CÃ¢ncer ğŸ¦€ Positividade
#LeÃ£o ğŸ¦ Prospeâ€¦",LiviaPrimo2,Sat Dec 07 00:49:40 +0000 2019,57,0,241,311,990318714158505985,LÃ­viaá¶œÊ³á¶  áµ›áµƒáµ–áµ’ áµ›áµƒáµ–áµ’â¤ğŸ–¤,"Rio de janeiro, Brasil ","Uma vez flamengo, flamengo atÃ© morrerâ¤ğŸ–¤
@Flamengoâ¤ğŸ–¤"
122,,"RT @AquiCancer: #CÃ¢ncer Precisamos aprender a seguir em frente, olhar pra trÃ¡s nÃ£o vai nos levar a lugar nenhum.",xiraarroba,Sat Dec 07 00:47:43 +0000 2019,52,0,609,571,1527841544,InÃªs ğŸŒ¹,,20. SetÃºbal. https://t.co/qHVe9b0NUw *
123,,"RT @sgnCancer: #CÃ¢ncer O dom de parecer grossa quando, para mim, estou falando normalmente.",Nathalia__10,Sat Dec 07 00:47:41 +0000 2019,57,0,680,2060,1130458625795919874,PSICO BOLADAğŸ¤¬,,"A vida Ã© infinita para aqueles que sabem aproveitÃ¡-la!/
Nasci pra te seguir! @VascodaGama â¤/
Dinda do AbraÃ£oğŸ‘©â€ğŸ‘¦"
124,,"RT @AquiCancer: #CÃ¢ncer Precisamos aprender a seguir em frente, olhar pra trÃ¡s nÃ£o vai nos levar a lugar nenhum.",_JaqueeSilvaa,Sat Dec 07 00:46:49 +0000 2019,52,0,179,193,726095209185038336,Cancerianja âœ¨,,"Canceriana ğŸŒ» 
@Flamengo ğŸ–¤â¤ï¸/ A.J ğŸ˜‡ğŸ’•"
125,,"RT @AquiCancer: #CÃ¢ncer Eu sei que preciso ser forte, Ã© que as vezes Ã© difÃ­cil.",xubalandia,Sat Dec 07 00:46:19 +0000 2019,96,0,1430,1505,717531533242933248,Lilo,Lost âœ–ï¸,"Oral na minha mulher Ã© minha oraÃ§Ã£o.



se to viva ainda Ã© pq esse fdp nÃ£o quer deixar eu me matar @nemseipqtovivo ğŸ’"
126,,"RT @sgnCancer: #CÃ¢ncer O dom de parecer grossa quando, para mim, estou falando normalmente.",_50Thons,Sat Dec 07 00:45:51 +0000 2019,57,0,1603,1454,2496570650,Ero-Sennin,"VeranÃ³polis, Brasil",I'd wait on you forever and a day ğŸ¶ ğŸ’• ğŸ‘» thomrb07   @GrÃªmio ğŸ‡ªğŸ‡ª
127,,"RT @AquiCancer: #CÃ¢ncer Eu sei que preciso ser forte, Ã© que as vezes Ã© difÃ­cil.",ShayDoKero,Sat Dec 07 00:44:57 +0000 2019,96,0,339,349,1106023307508359168,princesa desaparecida ğŸ–¤â¤ï¸,minha house,Flamengo Ã© o melhor do mundo e sÃ³ minha opiniÃ£o importa ğŸ¤·ğŸ¾â€â™€ï¸â¤ï¸ğŸ–¤
128,,"RT @AquiCancer: #CÃ¢ncer Eu sei que preciso ser forte, Ã© que as vezes Ã© difÃ­cil.",cassiasendas1,Sat Dec 07 00:44:14 +0000 2019,96,0,470,435,1036735554187132930,casendasâ™‹ï¸,"Vila da Penha, Rio de Janeiro",insta:cassiasendasb
129,,"RT @AquiCancer: #CÃ¢ncer Precisamos aprender a seguir em frente, olhar pra trÃ¡s nÃ£o vai nos levar a lugar nenhum.",cassiasendas1,Sat Dec 07 00:44:03 +0000 2019,52,0,470,435,1036735554187132930,casendasâ™‹ï¸,"Vila da Penha, Rio de Janeiro",insta:cassiasendasb
130,,"RT @AquiCancer: #CÃ¢ncer Na verdade tudo nela Ã© interessante E quando estou com ela, nem percebo o tempo passar Deve ser porque ela Ã© a melhâ€¦",TelmaBarroso1,Sat Dec 07 00:43:17 +0000 2019,36,0,102,47,882949022633398274,Telma Filipa,,
131,,"RT @AquiCancer: #CÃ¢ncer Precisamos aprender a seguir em frente, olhar pra trÃ¡s nÃ£o vai nos levar a lugar nenhum.",garridovisck,Sat Dec 07 00:42:49 +0000 2019,52,0,1027,634,3092997952,trident de blueberry,"Pirituba, SÃ£o Paulo",Cancerianja|| do jeito que o diabo gostaâ˜ ï¸ğŸ„ğŸ»â€â™€ï¸
132,,"RT @sgnCancer: #CÃ¢ncer O dom de parecer grossa quando, para mim, estou falando normalmente.",Victorinha07,Sat Dec 07 00:42:40 +0000 2019,57,0,225,243,913112588883505154,BÃ¡rbarağŸ’«,,Cancerianaâ™‹
133,,"RT @AquiCancer: #CÃ¢ncer Precisamos aprender a seguir em frente, olhar pra trÃ¡s nÃ£o vai nos levar a lugar nenhum.",Brutoxic,Sat Dec 07 00:42:29 +0000 2019,52,0,778,447,1030597246830764032,Don't Start Now,,"One kiss is all it takes
Falling in love with me
Possibilities
I look like all you need!"
134,,"RT @AquiCancer: #CÃ¢ncer Precisamos aprender a seguir em frente, olhar pra trÃ¡s nÃ£o vai nos levar a lugar nenhum.",gordinha_s2,Sat Dec 07 00:42:12 +0000 2019,52,0,437,632,1044387892611731457,negonağŸ¤¬,,"@Flamengo â¤

https://t.co/neGBKJ7Vxc"
135,,"RT @AquiCancer: #CÃ¢ncer Precisamos aprender a seguir em frente, olhar pra trÃ¡s nÃ£o vai nos levar a lugar nenhum.",Rhillary_Amor,Sat Dec 07 00:41:28 +0000 2019,52,0,448,163,1094628009594769408,R'Martins,Solteiro ğŸ˜‰,Rhillary Amor Eterno ğŸ˜ğŸ¤©ğŸ¤—
136,,"RT @AquiCancer: #CÃ¢ncer Precisamos aprender a seguir em frente, olhar pra trÃ¡s nÃ£o vai nos levar a lugar nenhum.",louc_luiz,Sat Dec 07 00:40:30 +0000 2019,52,0,166,47,1113125663291199488,A liberta Ã© nossa ğŸ”´âš«,Rio de janeiro ,20 anos ğŸ˜ Pai da Sophia Rosa ğŸ’ Marido da Loira Sinistra ğŸ˜‹ .
137,,RT @sgnCancer: #CÃ¢ncer Ocupe-se. Mente vazia atrai lembranÃ§as.,sra_winchester,Sat Dec 07 00:40:24 +0000 2019,41,0,53,3,1201604878566658048,Sra Winchester,,"Bbzinhaâ¤
@WillouAES
@Watson alves"
138,,"RT @AquiCancer: #CÃ¢ncer Precisamos aprender a seguir em frente, olhar pra trÃ¡s nÃ£o vai nos levar a lugar nenhum.",DonaVitoria1,Sat Dec 07 00:38:59 +0000 2019,52,0,700,1271,913364921571794945,Minniee ğŸ’“,"Rio de Janeiro, Brasil",Lili p meu paizÃ£o ğŸ™ŒâŒ›/ 05/10 eterno mÃ£ozinha ğŸ˜­ğŸ˜­ğŸ‘¼
139,,"RT @AquiCancer: #CÃ¢ncer Precisamos aprender a seguir em frente, olhar pra trÃ¡s nÃ£o vai nos levar a lugar nenhum.",Msequeira97,Sat Dec 07 00:38:36 +0000 2019,52,0,191,226,711572650838114304,Miguel,"Loures, Portugal",âœŒğŸ¼
140,,"RT @AquiCancer: #CÃ¢ncer Precisamos aprender a seguir em frente, olhar pra trÃ¡s nÃ£o vai nos levar a lugar nenhum.",analucrvg,Sat Dec 07 00:38:36 +0000 2019,52,0,2118,1883,775483156371795969,LuÃ­za Moura. ğŸ¦‹, ğŸ‘¶ğŸ½ğŸ’—,"Mother of a princess, Alice VitÃ³ria ğŸ¤±ğŸ½â€¢ Casada ğŸ’ğŸ‘¨â€ğŸ‘©â€ğŸ‘§ â€¢Vasco da Gama â¤ï¸"
141,,"RT @AquiCancer: #CÃ¢ncer Precisamos aprender a seguir em frente, olhar pra trÃ¡s nÃ£o vai nos levar a lugar nenhum.",Dixx_Caiane,Sat Dec 07 00:38:35 +0000 2019,52,0,283,383,1025913931364225024,ğŸŒ¸CachinhosğŸŒ¸,"Padre Miguel,Rj",@Botafogoâ­||Carioca||Passista||Cancerianaâ™‹@Pxx_mariağŸ‘­â¤ï¸
142,,"RT @AquiCancer: #CÃ¢ncer Precisamos aprender a seguir em frente, olhar pra trÃ¡s nÃ£o vai nos levar a lugar nenhum.",LuizaCostaMore1,Sat Dec 07 00:38:25 +0000 2019,52,0,927,2462,784508230944817152,ğ’Ÿğ’¶ğ“‚ğ’¶,"Ibes, Vila Velha",â™‹ï¸ fuma e comemora vamo fazer histÃ³riağŸ”¥
143,,"RT @AquiCancer: #CÃ¢ncer Eu sei que preciso ser forte, Ã© que as vezes Ã© difÃ­cil.",Linda_Flor147,Sat Dec 07 00:38:21 +0000 2019,96,0,2580,837,941112938479398917,MOANA CASTRO ğŸŒˆ,Caminho da felicidade ğŸ˜ˆ,"Aqui Ã© tudo intenso, desde o amor ao desprezo ğŸ˜˜ #ReciprocidadeSempre  01/10/19 ğŸ‘­  Eterna Elis Menezes MamÃ£e do BrenoArthur & Pyetro Gabriel ğŸ‘¦ğŸ’™"
144,,"RT @sgnCancer: #CÃ¢ncer O dom de parecer grossa quando, para mim, estou falando normalmente.",amittrano,Sat Dec 07 00:38:09 +0000 2019,57,0,431,796,1082280345729486848,catrÄ±na,,4 mil de tu nÃ£o vai dar eu
145,,"Escorpio, #HorÃ³scopo #Zodiaco #Aries #Tauro #GÃ©minis #CÃ¡ncer #Leo #Virgo #Libra #Escorpio #Sagitario #Capricornioâ€¦ https://t.co/TFocEvKpmP",horoscop_o,Sat Dec 07 00:38:08 +0000 2019,0,0,81,160,933269286566719488,HorÃ³scopo de Hoy,Universo,HorÃ³scopo diario publicado en nuestra web de forma gratuita.
146,,"RT @AquiCancer: #CÃ¢ncer Precisamos aprender a seguir em frente, olhar pra trÃ¡s nÃ£o vai nos levar a lugar nenhum.",__Gabrielly_21,Sat Dec 07 00:37:41 +0000 2019,52,0,130,382,1161632448322691073,BurguesağŸ’¸,,Prazer Alzira//ğŸ’
147,,"RT @AquiCancer: #CÃ¢ncer Precisamos aprender a seguir em frente, olhar pra trÃ¡s nÃ£o vai nos levar a lugar nenhum.",jessycristina01,Sat Dec 07 00:37:24 +0000 2019,52,0,347,304,1150902263294115841,JessğŸ’,"Rio de Janeiro, Brasil",Ãsis ğŸ‘§â™¥ï¸/ CRFğŸ”´âš« / Filipenses 4:13âœ¨
148,,"RT @sgnCancer: #CÃ¢ncer Eu odeio me acostumar a falar com alguÃ©m todos os dias. Porque no dia em que nÃ£o converso, sinto como se o dia estivâ€¦",VictoriaCastr1,Sat Dec 07 00:37:16 +0000 2019,52,0,1316,330,936327718823759878,Surtada.com,,K-Pop Livros Esportes MMA UFC Novela Memes Frases Humor DiversÃ£o e Memes
149,,"RT @AquiCancer: #CÃ¢ncer Precisamos aprender a seguir em frente, olhar pra trÃ¡s nÃ£o vai nos levar a lugar nenhum.",TabataGostosa,Sat Dec 07 00:37:13 +0000 2019,52,0,920,652,799416291480236038,TÃ¡bata ğŸ§˜ğŸ½Cancerianaâ™‹,"Rio de Janeiro, Brasil","â¤11/06/2012 Lavinnia ğŸ‘§ğŸ˜23/03/2017 Lucas Lima
(31/03/2019 Thauan Guilherme ğŸ‘¼ğŸ’”ğŸ˜­)"
150,,"RT @AquiCancer: #CÃ¢ncer Precisamos aprender a seguir em frente, olhar pra trÃ¡s nÃ£o vai nos levar a lugar nenhum.",_Glayzer,Sat Dec 07 00:37:10 +0000 2019,52,0,583,981,1697296171,barbie do mal ğŸ˜ˆ,"IbiritÃ©, Brasil",muita polÃªmica
151,,"RT @AquiCancer: #CÃ¢ncer Precisamos aprender a seguir em frente, olhar pra trÃ¡s nÃ£o vai nos levar a lugar nenhum.",vlwthaais,Sat Dec 07 00:37:01 +0000 2019,52,0,333,643,1042213323771703296,diabinha. á¶œÊ³á¶  ğŸ˜œ,,"Bem vindo ao meu delÃ­rio. 






                         

                               25.05 ğŸ¥°ğŸ‘©â€ğŸ‘§"
152,,"RT @AquiCancer: #CÃ¢ncer Eu sei que preciso ser forte, Ã© que as vezes Ã© difÃ­cil.",sooh_assis2,Sat Dec 07 00:36:40 +0000 2019,96,0,354,379,888968333810438146,A cat ğŸ˜¼,,"11.15.7ğŸ’™
    @Flamengo ğŸ–¤â¤     
    @RaphaellyDaSil1 m.ağŸ’—"
153,,"RT @AquiCancer: #CÃ¢ncer Eu sei que preciso ser forte, Ã© que as vezes Ã© difÃ­cil.",s3rg1o_9912,Sat Dec 07 00:36:36 +0000 2019,96,0,358,64,984565841319653378,s3rg1o âš“ï¸,,SÃ©rgio Nunes â™‹ï¸| 19y | Haters gonna hate ğŸ–•ğŸ˜| Rock/Metal ğŸ¤˜ğŸ–¤
154,,"RT @AquiCancer: #CÃ¢ncer Precisamos aprender a seguir em frente, olhar pra trÃ¡s nÃ£o vai nos levar a lugar nenhum.",aragao_57,Sat Dec 07 00:36:31 +0000 2019,52,0,519,658,898967217957687297,Ak/47ğŸ”¥,"Rio de Janeiro, Brasil",", Ser feliz Ã© o que importa! 
Alicia ğŸ¤°ğŸ½ 
Emanuelly e Guilherme Dinda ama â¤
17/05/18 ğŸ˜­ğŸ˜‡ğŸ’” 
#EternoR10 ğŸ’”"
155,,"RT @AquiCancer: #CÃ¢ncer Precisamos aprender a seguir em frente, olhar pra trÃ¡s nÃ£o vai nos levar a lugar nenhum.",yas_pxx,Sat Dec 07 00:36:22 +0000 2019,52,0,1859,2762,873601600006311938,Yasmin âœ¨,SOLTEIRA,"Ser mÃ£e de menino Ã© se apaixonar todo dia pelo homem da sua vida, Davi Lucas ğŸ‘«ğŸ’–ğŸ¥°
Dinda de uma princesa(o) ğŸ¥°ğŸ¤ğŸ»â¤"
156,,"RT @AquiCancer: #CÃ¢ncer Precisamos aprender a seguir em frente, olhar pra trÃ¡s nÃ£o vai nos levar a lugar nenhum.",LannesDri,Sat Dec 07 00:36:21 +0000 2019,52,0,603,581,1132093184518049798,Dri Lannes,,https://t.co/75CYR4Bdbv
157,,"RT @AquiCancer: #CÃ¢ncer Precisamos aprender a seguir em frente, olhar pra trÃ¡s nÃ£o vai nos levar a lugar nenhum.",tbratfiisch,Sat Dec 07 00:36:06 +0000 2019,52,0,564,1303,3755767637,Thatha,AgronÃ´mica ,
158,,"RT @AquiCancer: #CÃ¢ncer Precisamos aprender a seguir em frente, olhar pra trÃ¡s nÃ£o vai nos levar a lugar nenhum.",_mariaaaat,Sat Dec 07 00:36:04 +0000 2019,52,0,284,1389,993191739581259777,M,ğŸ•Šï¸,A confianÃ§a em si mesmo Ã© o primeiro segredo do sucesso...
159,,"RT @AquiCancer: #CÃ¢ncer Precisamos aprender a seguir em frente, olhar pra trÃ¡s nÃ£o vai nos levar a lugar nenhum.",LuanzitoCRF,Sat Dec 07 00:35:56 +0000 2019,52,0,1062,1207,3386828314,Luan ğŸ”´âš«,"London, England","Eu faÃ§o da dificuldade, a minha motivaÃ§Ã£o. @Flamengo ğŸ”´âš« @realmadrid â¤"
160,,"RT @AquiCancer: #CÃ¢ncer Precisamos aprender a seguir em frente, olhar pra trÃ¡s nÃ£o vai nos levar a lugar nenhum.",Yasmim_tremgata,Sat Dec 07 00:35:45 +0000 2019,52,0,3307,3290,1040005539768553473,Trem gata,"MagÃ©, Brasil",ğŸ’
161,,"RT @AquiCancer: #CÃ¢ncer Precisamos aprender a seguir em frente, olhar pra trÃ¡s nÃ£o vai nos levar a lugar nenhum.",digatta23,Sat Dec 07 00:35:39 +0000 2019,52,0,4541,6319,1036758296353538050,Ãndia rs,ğŸŠ,Amo vocÃªs eternamente Danielle & Mirelle VitoriağŸ’–ğŸ‘¼ğŸ˜“ @FilipeRetğŸ’
162,,"RT @AquiCancer: #CÃ¢ncer Precisamos aprender a seguir em frente, olhar pra trÃ¡s nÃ£o vai nos levar a lugar nenhum.",BeatrizBendor,Sat Dec 07 00:35:39 +0000 2019,52,0,391,698,882010540775813121,Beaâ™¥,"Bento Ribeiro, Rio de Janeiro",https://t.co/7eGb1tTYEZ
163,,"RT @AquiCancer: #CÃ¢ncer Precisamos aprender a seguir em frente, olhar pra trÃ¡s nÃ£o vai nos levar a lugar nenhum.",alexandre__ff,Sat Dec 07 00:35:19 +0000 2019,52,0,535,497,442099708,Al3_ferreira,@AlexandreFerreira_17 ,Se fala mal Ã© sinal que nois Ã© bom!
164,,"RT @AquiCancer: #CÃ¢ncer Eu sei que preciso ser forte, Ã© que as vezes Ã© difÃ­cil.",mn_Prd2,Sat Dec 07 00:35:05 +0000 2019,96,0,261,224,930789272654876672,Prd,,â€¢07/07ğŸ¥°â€¢ @noratolarissa ğŸ’
165,,"#CÃ¢ncer Precisamos aprender a seguir em frente, olhar pra trÃ¡s nÃ£o vai nos levar a lugar nenhum.",AquiCancer,Sat Dec 07 00:35:02 +0000 2019,52,74,11,107575,839514571,CÃ¢ncer,,Maior Twitter do signo de CÃ¢ncer do Brasil.
166,,"RT @sgnCancer: #CÃ¢ncer O dom de parecer grossa quando, para mim, estou falando normalmente.",br_marervilha,Sat Dec 07 00:33:14 +0000 2019,57,0,193,254,1062430505772163073,S de SÃ³ existindo,,nÃ³s que lute
167,,"RT @AquiCancer: #CÃ¢ncer Eu sei que preciso ser forte, Ã© que as vezes Ã© difÃ­cil.",NicolinoIsa,Sat Dec 07 00:32:40 +0000 2019,96,0,229,80,791668590936195072,Nicolino,"Uberaba , MG","no twitter eu sou exatamente EU//

segue a tia no insta: @isa.nicolino"
168,,"RT @curio_signos: Palavra do Dia dos Signos ğŸ’™

#Ãries ğŸ Sinceridade
#Touro ğŸ‚ Honestidade
#GÃªmeos ğŸ‘« FÃ©
#CÃ¢ncer ğŸ¦€ Positividade
#LeÃ£o ğŸ¦ Prospeâ€¦",maedamika14,Sat Dec 07 00:32:17 +0000 2019,57,0,525,226,811006793010806784,CELA ğŸ¦‹ğŸŒªâš¡,"SÃ£o JoÃ£o de Meriti, Brasil","NÃ£o da em nada e se de e pouca coisa ğŸ˜˜  
MamÃ£e da Mikaelly â¤ğŸ‘©â€ğŸ‘§ğŸ‘‘ 14-08-2018"
169,,"RT @AquiCancer: #CÃ¢ncer Talvez eu sinta saudade de vocÃª, quando a minha raiva passar",Rayane63662685,Sat Dec 07 00:32:06 +0000 2019,58,0,598,52,1176915238203138049,Rayane,,GRATIDÃƒO
170,,"RT @AquiCancer: #CÃ¢ncer Eu sei que preciso ser forte, Ã© que as vezes Ã© difÃ­cil.",Graziel90164534,Sat Dec 07 00:31:41 +0000 2019,96,0,915,262,1182703566324195328,GrazielliğŸ€,,Tudo brilha aonde ela passağŸ’œ
171,,"RT @AquiCancer: #CÃ¢ncer Eu sei que preciso ser forte, Ã© que as vezes Ã© difÃ­cil.",Eve_Flyer,Sat Dec 07 00:30:55 +0000 2019,96,0,479,971,1148461430,ÎµvÎµâ„“â„“áƒ§à¹“,"Nova Friburgo, Brasil","Rj|Nf                                                                  
@flamengo"
172,,"RT @AquiCancer: #CÃ¢ncer Eu sei que preciso ser forte, Ã© que as vezes Ã© difÃ­cil.",_LimaLala03,Sat Dec 07 00:29:24 +0000 2019,96,0,949,1211,728952468999176192,ğŸ‘¸,,
173,,RT @sgnCancer: #CÃ¢ncer JÃ¡ sonhou a ponto de confundir com a realidade?,lelegsampaio,Sat Dec 07 00:28:15 +0000 2019,21,0,440,863,276515094,Lele,,https://t.co/rFDdBNUXjP
174,,"RT @sgnCancer: #CÃ¢ncer O dom de parecer grossa quando, para mim, estou falando normalmente.",emanuellykga,Sat Dec 07 00:26:17 +0000 2019,57,0,90,69,1180240154910437378,KANU â™‹,,tÃ´ aqui sÃ³ pra salvar as coisas pra postar no stts do meu wpp msm
175,,"RT @curio_signos: Palavra do Dia dos Signos ğŸ’™

#Ãries ğŸ Sinceridade
#Touro ğŸ‚ Honestidade
#GÃªmeos ğŸ‘« FÃ©
#CÃ¢ncer ğŸ¦€ Positividade
#LeÃ£o ğŸ¦ Prospeâ€¦",CassiaV37816798,Sat Dec 07 00:26:16 +0000 2019,57,0,180,362,984097649040257024,$URTADA ğŸ¤ªğŸ¤¯ğŸ¤‘,Complexo do Ppg ğŸ¶ğŸ’ƒ ,Amar a Deus sobre todas as coisas.ğŸ˜ğŸ™ŒğŸ™ğŸ’ (Mateus 22:37) ATÃ‰ O FIM ğŸâš«âšª
176,,"RT @sgnCancer: #CÃ¢ncer O dom de parecer grossa quando, para mim, estou falando normalmente.",souza_nanny0904,Sat Dec 07 00:25:42 +0000 2019,57,0,52,43,1180623879280189441,Nanny â™‹ğŸ’–,"Araruama, Brasil",Futura fuzileira â¤ğŸ˜ Canceriana â™‹ jiu-jitsu â¤ï¸ Flamenguista ğŸ–¤â™¥ï¸ğŸ–¤â™¥ï¸ğŸ–¤
177,,"RT @AquiCancer: #CÃ¢ncer Eu sei que preciso ser forte, Ã© que as vezes Ã© difÃ­cil.",emanuellykga,Sat Dec 07 00:24:22 +0000 2019,96,0,90,69,1180240154910437378,KANU â™‹,,tÃ´ aqui sÃ³ pra salvar as coisas pra postar no stts do meu wpp msm
178,,"RT @sgnCancer: #CÃ¢ncer O dom de parecer grossa quando, para mim, estou falando normalmente.",dorinharodrigu4,Sat Dec 07 00:23:46 +0000 2019,57,0,161,24,761408445300039680,Isaah Rodriiguesâ™¡,"Cidade Dutra, SÃ£o Paulo",
179,,"RT @AquiCancer: #CÃ¢ncer Felicidade nÃ£o Ã© uma questÃ£o de sorrir o dia inteiro, Ã© uma questÃ£o de se sentir bem consigo mesmo interiormente, oâ€¦",gisele_santos6,Sat Dec 07 00:23:40 +0000 2019,65,0,881,528,787333152138223616,MamÃ£e da Helena ğŸ‘¶ğŸ¾ğŸ¥°ğŸ’ğŸ˜,"PraÃ§a Seca, Rio de Janeiro","MÃ£e Da Helena, Tia Da Pietra E Da Sophia ğŸ’ğŸ˜ğŸ‘£ğŸ‘¶ Te Amo IrmÃ£o, Eterno Gilvan ğŸ˜‡ğŸ’”ğŸ—ğŸ•‡, Maria LÃºcia te amo ğŸ‘­ğŸ’Ÿ 20 Anos, Canceriana â™‹"
180,,"RT @AquiCancer: #CÃ¢ncer Eu sei que preciso ser forte, Ã© que as vezes Ã© difÃ­cil.",revoltadofxp,Sat Dec 07 00:21:55 +0000 2019,96,0,523,647,936480127399137280,ETERNO G.H ğŸ’”ğŸ˜­,C.V âœŒğŸš©,"'Mil podem cair a sua esquerda dez mil Ã  sua direita, mas nenhum mal o atingirÃ¡!'  gelado, leleco, Ã­ndio, peppa Sdds eternas ğŸ’”ğŸ˜¢"
181,,"RT @AquiCancer: #CÃ¢ncer Eu sei que preciso ser forte, Ã© que as vezes Ã© difÃ­cil.",AnaaMarques01,Sat Dec 07 00:20:15 +0000 2019,96,0,273,65,1039914724656332801,| Ana |,"Santa Maria da Feira, Portugal",ğŸ‡°ğŸ‡· ğŸ‡µğŸ‡¹
182,,"RT @curio_signos: Palavra do Dia dos Signos ğŸ’™

#Ãries ğŸ Sinceridade
#Touro ğŸ‚ Honestidade
#GÃªmeos ğŸ‘« FÃ©
#CÃ¢ncer ğŸ¦€ Positividade
#LeÃ£o ğŸ¦ Prospeâ€¦",yh_alex,Sat Dec 07 00:20:03 +0000 2019,57,0,145,279,2306530543,.,,
183,,"RT @AquiCancer: #CÃ¢ncer Eu sei que preciso ser forte, Ã© que as vezes Ã© difÃ­cil.",eulc96,Sat Dec 07 00:19:09 +0000 2019,96,0,1048,1491,743576485882114048,L|C ğŸš©,,"18Y / Flamenguista â¤ï¸ğŸ–¤ / Liberdade Para os Amigos Privado ğŸ’” / Wpp : 21 9 7514-8149 ğŸ“±
O Senhor Ã© Meu Pastor e Nada me FaltarÃ¡ ğŸ™ ."
184,,"RT @AquiCancer: #CÃ¢ncer Eu sei que preciso ser forte, Ã© que as vezes Ã© difÃ­cil.",FehDosSantos2,Sat Dec 07 00:18:58 +0000 2019,96,0,70,56,1027336016603099137,Rejeitada,Ãgua verde ,"Rejeitada por todos fazer oq neh babyğŸ˜’
16 aninhos"
185,,"RT @AquiCancer: #CÃ¢ncer Eu sei que preciso ser forte, Ã© que as vezes Ã© difÃ­cil.",Tahsilvaa_,Sat Dec 07 00:18:38 +0000 2019,96,0,843,965,2609020455,TahğŸ§œğŸ¼â€â™€ï¸,"Rio de Janeiro, Brasil","Apenas seja vocÃª mesmo, nÃ£o hÃ¡ ninguÃ©m melhor. ğŸŒ¸â¤ï¸"
186,,RT @AquiCancer: #CÃ¢ncer VocÃª Ã© inocente atÃ© beijarem seu pescoÃ§o.,SaaraLopess,Sat Dec 07 00:18:34 +0000 2019,75,0,48,315,2903605373,SaraaLopes ğŸŒ¹,,ğŸ€
187,,"RT @AquiCancer: #CÃ¢ncer Eu sei que preciso ser forte, Ã© que as vezes Ã© difÃ­cil.",analucrvg,Sat Dec 07 00:17:52 +0000 2019,96,0,2118,1883,775483156371795969,LuÃ­za Moura. ğŸ¦‹, ğŸ‘¶ğŸ½ğŸ’—,"Mother of a princess, Alice VitÃ³ria ğŸ¤±ğŸ½â€¢ Casada ğŸ’ğŸ‘¨â€ğŸ‘©â€ğŸ‘§ â€¢Vasco da Gama â¤ï¸"
188,,"RT @sgnCancer: #CÃ¢ncer O dom de parecer grossa quando, para mim, estou falando normalmente.",hunters3004,Sat Dec 07 00:16:31 +0000 2019,57,0,1288,624,2661462880,Pandinha 08.12ğŸ‘°,"GravataÃ­, Brasil",â€¢ Quero paz. Quero tranquilidade. Quero tudo aquilo que me faÃ§a bem de verdade. â˜®ğŸŒ»
189,,RT @AquiCancer: #CÃ¢ncer NÃ£o sÃ£o de rÃ³tulos que se forma um bom carÃ¡ter.,GioLir4,Sat Dec 07 00:16:26 +0000 2019,32,0,131,347,1584135390,Gio,,u.u
190,,RT @AquiCancer: #CÃ¢ncer NÃ³s somos tÃ£o cegos para enxergar o que estÃ¡ realmente na frente dos nossos olhos.,GioLir4,Sat Dec 07 00:16:19 +0000 2019,60,0,131,347,1584135390,Gio,,u.u
191,,"RT @AquiCancer: #CÃ¢ncer Eu sei que preciso ser forte, Ã© que as vezes Ã© difÃ­cil.",tremmorenaa08,Sat Dec 07 00:16:05 +0000 2019,96,0,140,240,1131357707116716039,Marcela Lara ğŸ€,ParisğŸˆ,"SÃ³ os ingrato nÃ£o lembra de algo ou de alguÃ©m ğŸ¥€ /




Lara Beatriz mamÃ£e te amaâ£"
192,,"RT @AquiCancer: #CÃ¢ncer Eu sei que preciso ser forte, Ã© que as vezes Ã© difÃ­cil.",RibeiroMts021,Sat Dec 07 00:15:27 +0000 2019,96,0,297,355,3155667178,ğŸ¤¬,,@Flamengo pra caralhooo
193,,"RT @AquiCancer: #CÃ¢ncer Eu sei que preciso ser forte, Ã© que as vezes Ã© difÃ­cil.",PutsCarolinna,Sat Dec 07 00:15:11 +0000 2019,96,0,238,247,846732517407379457,Vitoria ğŸ”¥â™¥ï¸,,"PÃ©rola â¤ï¸/10/09/2018 ğŸ’

/@Davyzinho07 ğŸ‘©â€â¤ï¸â€ğŸ‘¨â¤ï¸"
194,,"RT @sgnCancer: #CÃ¢ncer O dom de parecer grossa quando, para mim, estou falando normalmente.",gabi_fdso,Sat Dec 07 00:14:51 +0000 2019,57,0,771,139,1171456542459039744,Gabi,,mais iludida que eu sÃ³ meu 'eu' do futuro ğŸ³ï¸â€ğŸŒˆ
195,,"RT @sgnCancer: #CÃ¢ncer O dom de parecer grossa quando, para mim, estou falando normalmente.",jujubaf18,Sat Dec 07 00:14:19 +0000 2019,57,0,232,79,4197155554,Jujuba,,"â„snap:jujuyf18
â„insta:Juliana FeijÃ³"
196,,"RT @AquiCancer: #CÃ¢ncer Eu sei que preciso ser forte, Ã© que as vezes Ã© difÃ­cil.",Yasmin15702312,Sat Dec 07 00:14:18 +0000 2019,96,0,500,194,1144996012307689472,Nega â¤,,ğŸ’•
197,,"RT @AquiCancer: #CÃ¢ncer Eu sei que preciso ser forte, Ã© que as vezes Ã© difÃ­cil.",tt_duda05,Sat Dec 07 00:14:10 +0000 2019,96,0,329,560,1086481306370957312,ğ”­ğ”¯ğ”¦ğ”« ğŸ’–ğŸ‘‘,"Beverly Hills, CA",Pietraâ¤ @flamengoâ¤
198,,"RT @sgnCancer: #CÃ¢ncer Quem te quer bem, te faz bem.",ed_portella,Sat Dec 07 00:13:45 +0000 2019,84,0,206,543,939922578881302530,dudixxx ğŸ‡ªğŸ‡ª,naquelas,ğŸ‘»: edportella11 | https://t.co/d3G6vOQlyD
199,,"RT @AquiCancer: #CÃ¢ncer Eu sei que preciso ser forte, Ã© que as vezes Ã© difÃ­cil.",Lavnia64704423,Sat Dec 07 00:12:40 +0000 2019,96,0,40,12,957592955681992704,LavÃ­niaâ¤ï¸,"Rio de Janeiro, Brasil",
200,,"RT @sgnCancer: #CÃ¢ncer Eu nÃ£o mudo por ninguÃ©m, mas melhoro por quem merece.",hugosagas,Sat Dec 07 00:12:16 +0000 2019,73,0,304,274,3304836923,Hugo,GCR,letra 8
201,,"RT @AquiCancer: #CÃ¢ncer Eu sei que preciso ser forte, Ã© que as vezes Ã© difÃ­cil.",pxbruna0904,Sat Dec 07 00:12:15 +0000 2019,96,0,444,362,1022993803177861121,BICAMPEÃƒO E HEPTACAMPEÃƒOá¶œÊ³á¶ Â¹â¸â¹âµğŸ”´âš«,errejota,"@flamengoâ¤./@nat__sccpâ¤/.
@fernandes200218â¤./ @crvgjulienneâ¤/.08/02/2019ğŸ‘¼ğŸ’”/"
202,,"RT @sgnCancer: #CÃ¢ncer O dom de parecer grossa quando, para mim, estou falando normalmente.",larivalois,Sat Dec 07 00:11:48 +0000 2019,57,0,516,288,1108400113439965184,L ğŸ”¥,"Rio de Janeiro, Brasil","Sigo privilegiada ğŸ™Œ
kamilly â¤ï¸  Kayke  ğŸ’™ . Dinda de um casal ğŸ’•
EstÃ©tica por amor ğŸ’     
Solteira ğŸ˜˜"
203,,"RT @AquiCancer: #CÃ¢ncer Eu sei que preciso ser forte, Ã© que as vezes Ã© difÃ­cil.",Crlh_Sthefani,Sat Dec 07 00:11:36 +0000 2019,96,0,285,542,931257327054925829,ChefinhağŸ’¸â¤,"Hollywood, ProviğŸ‡±ğŸ‡·â¤","â¤@Flamengo #Jogaremosjuntos/ 
CampeÃµes da AmÃ©rica ğŸ–¤â¤ğŸ†ğŸ¤« / 16 Aninhos ğŸ˜‡/ Dm 0800 moresâ¤"
204,,"RT @sgnCancer: #CÃ¢ncer O dom de parecer grossa quando, para mim, estou falando normalmente.",AnaMurad2,Sat Dec 07 00:11:14 +0000 2019,57,0,995,1008,959052316304388097,MuradğŸ¤™ğŸ»,"EspÃ­rito Santo, Brasil",â€¢ intensa dms pra vocÃª entender  â€¢@027Renann m.a â€¢@Ruann_alvess m.ağŸ¤ğŸ»
205,,RT @sgnCancer: #CÃ¢ncer Eu tenho o dom de mudar de humor umas vezes por dia.,mano_VT7,Sat Dec 07 00:10:36 +0000 2019,47,0,1229,1487,3429295066,VT,,.
206,,"RT @sgnCancer: #CÃ¢ncer Eu nÃ£o mudo por ninguÃ©m, mas melhoro por quem merece.",isadora_gomide,Sat Dec 07 00:10:16 +0000 2019,73,0,390,361,909571511085883392,Sem tempo irmÃ£o,,
207,,"RT @sgnCancer: #CÃ¢ncer O dom de parecer grossa quando, para mim, estou falando normalmente.",NicGonalves,Sat Dec 07 00:10:12 +0000 2019,57,0,54,62,1110348166921113600,GonÃ§alves ğŸŒ¸,,"Doce como limÃ£o ğŸŒ¸ğŸ˜Œ
canceriana â™‹ 
FarmÃ¡cia por amor (e Ã³dio) ğŸ“šğŸ’Š"
208,,"RT @sgnCancer: #CÃ¢ncer O dom de parecer grossa quando, para mim, estou falando normalmente.",Barbara_Silva45,Sat Dec 07 00:08:58 +0000 2019,57,0,394,301,895361060760412162,B. Silva,"Cordovil, Rio de Janeiro",' Filha de Deus Ã© Ungida Por ele  ğŸ™â¤ /Dinda de uma Prin ğŸ‘©â€ğŸ‘§
209,,"RT @sgnCancer: #CÃ¢ncer Eu nÃ£o mudo por ninguÃ©m, mas melhoro por quem merece.",JSSilvaFF,Sat Dec 07 00:08:25 +0000 2019,73,0,2417,678,897193840175656960,Jotaâ—¤âœ â—¢Ã‰ci,"Pilares, RJ",@Vascodagama â¤ @Juventus
210,,"RT @AquiCancer: #CÃ¢ncer Eu sei que preciso ser forte, Ã© que as vezes Ã© difÃ­cil.",_mandeenhaa,Sat Dec 07 00:08:02 +0000 2019,96,0,263,298,172554755,Amanda,Belo Horizonte / MG,MÃ©dica VeterinÃ¡ria ğŸ‘©ğŸ¾â€âš•ï¸ğŸ¶ğŸ±
211,,"RT @sgnCancer: #CÃ¢ncer Tu sente uma falta absurda da pessoa, mas nÃ£o vai atrÃ¡s porque sabe que ela nÃ£o liga.",AraujoBruna19,Sat Dec 07 00:08:00 +0000 2019,65,0,157,224,731944012052103168,Bruna AraÃºjo ğŸ‘…,"Cachoeiras de Macacu, Brasil",Insta @araujobruna19|canceriana â™‹|021â¤
212,,"RT @sgnCancer: #CÃ¢ncer O dom de parecer grossa quando, para mim, estou falando normalmente.",DaiRibeiro5,Sat Dec 07 00:07:46 +0000 2019,57,0,281,432,801865724004274180,â™¡DAIANEâ™¡,"Serra, Brasil",Na vitÃ³ria ou na derrota grito forte: Corintiana eu serei atÃ© a morte.âš½â¤
213,,"RT @curio_signos: Palavra do Dia dos Signos ğŸ’™

#Ãries ğŸ Sinceridade
#Touro ğŸ‚ Honestidade
#GÃªmeos ğŸ‘« FÃ©
#CÃ¢ncer ğŸ¦€ Positividade
#LeÃ£o ğŸ¦ Prospeâ€¦",_lidiiii,Sat Dec 07 00:06:55 +0000 2019,57,0,142,402,822937794351951873,15/12ğŸŠâ¤,19/05ğŸ˜­ğŸ’” 19/09â¤ğŸ’”  ,14/03ğŸ‘­ğŸ‘£ FAMÃLIA MINHA BASEğŸ¤—ğŸ˜â¤ Eu tenho lÃ¡ em cima entre as estrelas alguÃ©m que eu nunca esquecereiğŸ˜¥ğŸ¥€
214,,"RT @AquiCancer: #CÃ¢ncer Eu sei que preciso ser forte, Ã© que as vezes Ã© difÃ­cil.",Drielly22265832,Sat Dec 07 00:06:45 +0000 2019,96,0,86,36,1194574295634251776,Docinho .ğŸ¥°ğŸ˜,Qs Desistindo.ğŸ¥€,"Deixa eu t Lembra que eu NÃ£o Sou Obrigada a Nada!!!!ğŸ–•ğŸ’†â€â™€ï¸ğŸ’ƒ

Um Abuso que SÃ³.ğŸ¤ªâ¤
Solteira & Sem EstresseğŸ˜˜ğŸ–•ğŸ’†â€â™€ï¸.
ğŸ‘‚ğŸ‘¼ğŸ¥º"
215,,"RT @AquiCancer: #CÃ¢ncer Eu sei que preciso ser forte, Ã© que as vezes Ã© difÃ­cil.",garridovisck,Sat Dec 07 00:04:40 +0000 2019,96,0,1027,634,3092997952,trident de blueberry,"Pirituba, SÃ£o Paulo",Cancerianja|| do jeito que o diabo gostaâ˜ ï¸ğŸ„ğŸ»â€â™€ï¸
216,,"RT @AquiCancer: #CÃ¢ncer Eu sei que preciso ser forte, Ã© que as vezes Ã© difÃ­cil.",BiaRocha2000,Sat Dec 07 00:04:19 +0000 2019,96,0,381,472,2282638686,âœ¨ğŸ–¤,"Arcos de Valdevez, Portugal","ğŸ‘§: 19 anos ğŸ‘»: binabiarocha200 ğŸ’­: Aos que falam de mim nas costas,obrigada! Ã‰ sinal que estou sempre a frenteğŸ–•ğŸ’™"
217,,"RT @sgnCancer: #CÃ¢ncer Eu odeio me acostumar a falar com alguÃ©m todos os dias. Porque no dia em que nÃ£o converso, sinto como se o dia estivâ€¦",JullyRochaII,Sat Dec 07 00:03:48 +0000 2019,52,0,686,426,48895971,BadGal Ju,Queimados- RJ,"24, Casada, Carioca, Flamenguista, TURISMÃ“LOGA âœˆï¸â¤ï¸ğŸ–¤ Instagram: jurochajl Snapchat: jullyrochaii"
218,,"RT @sgnCancer: #CÃ¢ncer O dom de parecer grossa quando, para mim, estou falando normalmente.",BarrosJapiassu,Sat Dec 07 00:03:45 +0000 2019,57,0,149,14,1202909331961896961,Gisa,,vem tranquilo
219,,"RT @AquiCancer: #CÃ¢ncer Eu sei que preciso ser forte, Ã© que as vezes Ã© difÃ­cil.",gordinha_s2,Sat Dec 07 00:03:23 +0000 2019,96,0,437,632,1044387892611731457,negonağŸ¤¬,,"@Flamengo â¤

https://t.co/neGBKJ7Vxc"
220,,"RT @sgnCancer: #CÃ¢ncer O dom de parecer grossa quando, para mim, estou falando normalmente.",RaquelS01848053,Sat Dec 07 00:03:19 +0000 2019,57,0,58,38,2374252754,R A Q U E L,,"Santa Cruz/
Insta: _raquelsantos_ /
19y/"
221,,"RT @sgnCancer: #CÃ¢ncer No momento ruim da vida, prefiro fingir que estou tranqÃ¼ilo e vencer, do que transmitir meu medo e perder.",JullyRochaII,Sat Dec 07 00:03:00 +0000 2019,30,0,686,426,48895971,BadGal Ju,Queimados- RJ,"24, Casada, Carioca, Flamenguista, TURISMÃ“LOGA âœˆï¸â¤ï¸ğŸ–¤ Instagram: jurochajl Snapchat: jullyrochaii"
222,,"RT @sgnCancer: #CÃ¢ncer Eu nÃ£o mudo por ninguÃ©m, mas melhoro por quem merece.",JullyRochaII,Sat Dec 07 00:02:44 +0000 2019,73,0,686,426,48895971,BadGal Ju,Queimados- RJ,"24, Casada, Carioca, Flamenguista, TURISMÃ“LOGA âœˆï¸â¤ï¸ğŸ–¤ Instagram: jurochajl Snapchat: jullyrochaii"
223,,RT @sgnCancer: #CÃ¢ncer Eu tenho o dom de mudar de humor umas vezes por dia.,JullyRochaII,Sat Dec 07 00:02:29 +0000 2019,47,0,686,426,48895971,BadGal Ju,Queimados- RJ,"24, Casada, Carioca, Flamenguista, TURISMÃ“LOGA âœˆï¸â¤ï¸ğŸ–¤ Instagram: jurochajl Snapchat: jullyrochaii"
224,,"RT @sgnCancer: #CÃ¢ncer NÃ£o Ã© que eu nÃ£o tenha coraÃ§Ã£o, eu apenas desisti de usÃ¡-lo.",JullyRochaII,Sat Dec 07 00:02:26 +0000 2019,18,0,686,426,48895971,BadGal Ju,Queimados- RJ,"24, Casada, Carioca, Flamenguista, TURISMÃ“LOGA âœˆï¸â¤ï¸ğŸ–¤ Instagram: jurochajl Snapchat: jullyrochaii"
225,,"RT @AquiCancer: #CÃ¢ncer Eu sei que preciso ser forte, Ã© que as vezes Ã© difÃ­cil.",NuriaCunha4,Sat Dec 07 00:02:19 +0000 2019,96,0,228,168,1080920051165904898,nÃºria âœ¨,,4teen â€¢ esdasğŸ“š ig : nuria.cunha6
226,,"RT @AquiCancer: #CÃ¢ncer Eu sei que preciso ser forte, Ã© que as vezes Ã© difÃ­cil.",SilvaAndrey17,Sat Dec 07 00:02:17 +0000 2019,96,0,391,528,1022825552942649344,BalÃ£oï£¿,Longe de toda negatividadeğŸ¤™ğŸ»,Piloto. @flamengo.
227,,"RT @sgnCancer: #CÃ¢ncer O dom de parecer grossa quando, para mim, estou falando normalmente.",AnaBeea02,Sat Dec 07 00:01:55 +0000 2019,57,0,53,21,1196508280480243712,Ana Beatriz ğŸ–¤,"Rio de Janeiro, Brasil",
228,,"RT @sgnCancer: #CÃ¢ncer O dom de parecer grossa quando, para mim, estou falando normalmente.",JullyRochaII,Sat Dec 07 00:01:41 +0000 2019,57,0,686,426,48895971,BadGal Ju,Queimados- RJ,"24, Casada, Carioca, Flamenguista, TURISMÃ“LOGA âœˆï¸â¤ï¸ğŸ–¤ Instagram: jurochajl Snapchat: jullyrochaii"
229,,"RT @sgnCancer: #CÃ¢ncer O dom de parecer grossa quando, para mim, estou falando normalmente.",caraiNayara,Sat Dec 07 00:01:29 +0000 2019,57,0,64,206,1037803480558252034,nayarinha ellenzinha,na casa do caralho,"// 013 // 


























































































Sou seu anjo, seu demÃ´nio.ğŸ”¥"
230,,"RT @sgnCancer: #CÃ¢ncer O dom de parecer grossa quando, para mim, estou falando normalmente.",valwx_,Sat Dec 07 00:00:24 +0000 2019,57,0,531,585,704297317248139264,valÃ©riağŸ˜,"Colombo, Brasil ",nunca sei o que colocar aqui
231,,RT @sgnCancer: #CÃ¢ncer Ocupe-se. Mente vazia atrai lembranÃ§as.,CriadoDk2,Sat Dec 07 00:00:22 +0000 2019,41,0,1459,1686,1020730129041981442,âš¡CAMISA 10âš¡,Jardim AmÃ©rica Dk22ğŸš©ğŸ¥‹,FML'LG FÃ‰ ğŸ˜‡
232,,"RT @sgnCancer: #CÃ¢ncer O dom de parecer grossa quando, para mim, estou falando normalmente.",hellen_melo21,Fri Dec 06 23:59:29 +0000 2019,57,0,1200,448,932702093487591424,flamengata ğŸ”´âš«,"Rio de Janeiro, Brasil",flamenguista âš«ğŸ”´ / Facebook: Hellen Melo /insta:Hl_galdino / Canceriana /curiouscat.me/Hellen_melo21
233,,"RT @sgnCancer: #CÃ¢ncer O dom de parecer grossa quando, para mim, estou falando normalmente.",ThaisRichard9,Fri Dec 06 23:59:16 +0000 2019,57,0,1137,536,1010241626533482498,CÃ¢nceriana.â™‹,,"Deixa minha fÃ© guia,
Sei que um dia chego lÃ¡, Porque Deus me fez assim, Dona de mimmmm...ğŸ¶ğŸ˜"
234,,"RT @AquiCancer: #CÃ¢ncer Eu sei que preciso ser forte, Ã© que as vezes Ã© difÃ­cil.",GsMariih,Fri Dec 06 23:59:16 +0000 2019,96,0,245,34,1178057301208584194,ã€ŠMariih â¤ğŸ˜ŒğŸ˜‡ã€‹,,"Toda alto astral
Sereia de Ã¡gua e sal
Samba enredo do meu carnaval
Ã‰ brincalhona atÃ© falando sÃ©rio
Um livro aberto cheio de mistÃ©riosğŸ¶ğŸµ"
235,,"RT @sgnCancer: #CÃ¢ncer O dom de parecer grossa quando, para mim, estou falando normalmente.",MPimenta26,Fri Dec 06 23:58:41 +0000 2019,57,0,645,470,1090693823133552641,M.Pimenta ğŸŒ¸,"Rio de Janeiro, Brasil",VocÃª sempre estarÃ¡ comigo... RODRIGO ğŸ’— 26/09/2017 ğŸ‘£ğŸ‘¶
236,,"RT @sgnCancer: #CÃ¢ncer O dom de parecer grossa quando, para mim, estou falando normalmente.",Oliveira102521,Fri Dec 06 23:58:00 +0000 2019,57,0,822,1103,881944251633893376,M. ğŸ’¨,,@YanOfc_10ğŸ’â¤ @PamLindaaa765 ğŸ‘­â¤.
237,,"RT @sgnCancer: #CÃ¢ncer O dom de parecer grossa quando, para mim, estou falando normalmente.",analuvih,Fri Dec 06 23:57:42 +0000 2019,57,0,539,614,1010622213555458050,Lua âœ ,,"â€œBusque a felicidade a todo momento, sempreâ€Â  19yâœ¨
O importante Ã© a rosağŸŒ¹ XV 
VocÃª pode olhar todas as minhas fotos e mesmo assim sair daqui sem me conhecer"
238,,"RT @sgnCancer: #CÃ¢ncer O dom de parecer grossa quando, para mim, estou falando normalmente.",_RobertaFonseca,Fri Dec 06 23:57:19 +0000 2019,57,0,176,405,853949509847719940,roberta ğŸ’•,"Rio de Janeiro, Brasil",â€¢ R jğŸ–ï¸ â€¢ 20ano ğŸ’¥ â€¢ CÃ¢nceriana â™‹ â€¢ Namorido @Lucaasmarins22 ğŸ‘©â€â¤ï¸â€ğŸ‘¨..
239,,"RT @sgnCancer: #CÃ¢ncer O dom de parecer grossa quando, para mim, estou falando normalmente.",debochad_15,Fri Dec 06 23:57:15 +0000 2019,57,0,759,297,1065424513867948032,NojentaağŸ’–ğŸ’«,Eterna Biza NilsağŸ˜­ğŸ‘¼â­,"DudinhağŸ’–
15 anosğŸ¥°
Tia do Guilherme,Enzo,Heytor,Arthur SamuelğŸ˜ğŸ‘©â€ğŸ‘¦ğŸ‘©â€ğŸ‘¦ğŸ‘©â€ğŸ‘¦ğŸ‘©â€ğŸ‘¦
MamÃ£e da Maria Eduardaâ¤ğŸ‘©â€ğŸ‘§
Eterna NilsağŸ˜­ğŸ’”ğŸ–¤
 IrmÃ£ da @Surtada_lindaâ¤"
240,,"RT @sgnCancer: #CÃ¢ncer O dom de parecer grossa quando, para mim, estou falando normalmente.",xcarolcmx,Fri Dec 06 23:56:51 +0000 2019,57,0,997,1203,405524101,CarolâœŒ,Margem Sul | Leiria,se eu nÃ£o fosse ğŸ¦€ nem era a mesma coisa  #1
241,,"RT @AquiCancer: #CÃ¢ncer Eu sei que preciso ser forte, Ã© que as vezes Ã© difÃ­cil.",binhafabby,Fri Dec 06 23:56:22 +0000 2019,96,0,153,43,1186462966885040128,Binha ğŸŒ»,"Rio de Janeiro, Brasil","' A vida Ã© um eco, vc recebe o qe emite. ğŸƒğŸ³ï¸â€ğŸŒˆ 
#Canceriana â™‹ #Flamenguista ğŸ”´âš« #SempreApaixonada â¤ï¸"
242,,"RT @sgnCancer: #CÃ¢ncer O dom de parecer grossa quando, para mim, estou falando normalmente.",karen_azevedos,Fri Dec 06 23:56:02 +0000 2019,57,0,428,588,1232796582,Azevedo,,"Alucinada como se vivesse um faz de conta, como se nada fosse capaz de cortar sua ondağŸ¶ğŸƒ

insta _karen.azevedo"
243,,"RT @sgnCancer: #CÃ¢ncer O dom de parecer grossa quando, para mim, estou falando normalmente.",Yasminlems04,Fri Dec 06 23:55:39 +0000 2019,57,0,1411,1191,1160011345040990208,#FicaLuan ğŸ’™,Brasil ,sÃ³ me estressa @gremio ğŸ‡§ğŸ‡¼
244,,"RT @sgnCancer: #CÃ¢ncer O dom de parecer grossa quando, para mim, estou falando normalmente.",geisy_olyver,Fri Dec 06 23:55:36 +0000 2019,57,0,904,1299,2965766483,babygirl ğŸ‘§ğŸ»,VixCity,em aperfeiÃ§oamento..
245,,"RT @sgnCancer: #CÃ¢ncer O dom de parecer grossa quando, para mim, estou falando normalmente.",Maryne_S2,Fri Dec 06 23:55:34 +0000 2019,57,0,740,209,1260020370,LÃ­via Maryne,,Bem me quero!
246,,"RT @horosco_poc: #CÃ¢ncer Fds de vc tomar vergonha e para de se preocupar com os outros. Fazer tudo do seu jeito, se vc gay quiser ir pra buâ€¦",ocaiolopesreal,Fri Dec 06 23:55:26 +0000 2019,1,0,1112,530,1018267077805854722,Caio Lopes,"SÃ£o Paulo, Brasil","ğŸŒˆ
Unf=Unf"
247,,"RT @sgnCancer: #CÃ¢ncer O dom de parecer grossa quando, para mim, estou falando normalmente.",mhallimaa,Fri Dec 06 23:55:08 +0000 2019,57,0,3107,390,748771307337097216,ã€½ï¸auricio Lima,"Campinas, Brasil",ğŸPE ğŸ›¬ğŸ¡ SP ( ğŸ“Campinas ) / â™‹ï¸ Canceriano/ Passista ğŸ•ºğŸ¾ / Instagram ğŸ“¸ mhallima #AugeNegah
248,,"#CÃ¢ncer O dom de parecer grossa quando, para mim, estou falando normalmente.",sgnCancer,Fri Dec 06 23:55:02 +0000 2019,57,69,11,73617,733208672634036225,Signo de CÃ¢ncer,,Textos para o signo de CÃ¢ncer â™‹
249,,"#CÃ¢ncer Fds de vc tomar vergonha e para de se preocupar com os outros. Fazer tudo do seu jeito, se vc gay quiser irâ€¦ https://t.co/xxprm9Fdg8",horosco_poc,Fri Dec 06 23:54:39 +0000 2019,1,2,4,91,1173298192252887041,Horosco.poc,,
250,,"RT @sgnCancer: #CÃ¢ncer FÃ©. Duas letras que podem mudar sua vida, acredite.",romario_fortes,Fri Dec 06 23:52:38 +0000 2019,14,0,839,275,1053833005507190784,ğŸ¦romiğŸ”¥,"Moita, Portugal",Your opinion isnâ€™t my reality    â€¢ ğŸ‡µğŸ‡¹ğŸ‡¨ğŸ‡­ğŸ‡¦ğŸ‡´ â€¢2860 FPğŸ“  insta: romÃ¡riofp16
251,,"RT @AquiCancer: #CÃ¢ncer Eu sei que preciso ser forte, Ã© que as vezes Ã© difÃ­cil.",gisele_santos6,Fri Dec 06 23:52:33 +0000 2019,96,0,881,528,787333152138223616,MamÃ£e da Helena ğŸ‘¶ğŸ¾ğŸ¥°ğŸ’ğŸ˜,"PraÃ§a Seca, Rio de Janeiro","MÃ£e Da Helena, Tia Da Pietra E Da Sophia ğŸ’ğŸ˜ğŸ‘£ğŸ‘¶ Te Amo IrmÃ£o, Eterno Gilvan ğŸ˜‡ğŸ’”ğŸ—ğŸ•‡, Maria LÃºcia te amo ğŸ‘­ğŸ’Ÿ 20 Anos, Canceriana â™‹"
252,,"RT @AquiCancer: #CÃ¢ncer Eu sei que preciso ser forte, Ã© que as vezes Ã© difÃ­cil.",Lorrayn74973047,Fri Dec 06 23:51:52 +0000 2019,96,0,78,29,1199012931247190016,1999 âœ¨âœ¨,nÃ£o Ã© da sua conta.,Maturidade Ã© a qualidade mais atraente em uma pessoa.
253,,"RT @AquiCancer: #CÃ¢ncer Eu sei que preciso ser forte, Ã© que as vezes Ã© difÃ­cil.",jujuliann21,Fri Dec 06 23:50:53 +0000 2019,96,0,482,734,729127381,ğŸ¥€ğ–†ğ–“ğ–“ğ–† ğ–ğ–šğ–‘ğ–ğ–†ğŸ¥€,"Rio de Janeiro, Brasil",insta: @jujuliann
254,,"RT @AquiCancer: #CÃ¢ncer Eu sei que preciso ser forte, Ã© que as vezes Ã© difÃ­cil.",nicrisl,Fri Dec 06 23:50:29 +0000 2019,96,0,69,29,1134182451058753536,Nicole,"Limeira, Brasil",Lo ğŸ‘©â€ğŸ‘§â¤
255,,"RT @sgnCancer: #CÃ¢ncer FÃ©. Duas letras que podem mudar sua vida, acredite.",Bruninha265,Fri Dec 06 23:49:54 +0000 2019,14,0,1535,647,3384713147,Surtada ğŸ¤ª,"Barra do PiraÃ­, Brasil","19 anos | Cancerianaâ™‹ï¸ | Se tÃ¡ contra mim, te desejo boa sorte âœ¨ | @flamengo ğŸ–¤â¤ï¸"
256,,"RT @AquiCancer: #CÃ¢ncer Eu sei que preciso ser forte, Ã© que as vezes Ã© difÃ­cil.",poxavicck,Fri Dec 06 23:49:25 +0000 2019,96,0,349,376,1091742777455583232,âœ¨VictÃ³ria âœ¨,Rj ,17ğŸ§œğŸ½â€â™€ï¸
257,,"RT @AquiCancer: #CÃ¢ncer Eu sei que preciso ser forte, Ã© que as vezes Ã© difÃ­cil.",aiogurte,Fri Dec 06 23:48:36 +0000 2019,96,0,710,485,2310066471,A ProblemÃ¡tica â³,https://www.facebook.com/tania,âš“So just try again! âš“
258,,"RT @sgnCancer: #CÃ¢ncer NÃ£o Ã© que eu nÃ£o tenha coraÃ§Ã£o, eu apenas desisti de usÃ¡-lo.",RainaraRaylla,Fri Dec 06 23:48:27 +0000 2019,18,0,86,3,1203075659943297026,Raylla Rainara,"Barbacena, Brasil",I've got nothing to lose nothing to prove..........â€¢â€¢â—â¢ â£  A vida Ã© o que acontece enquanto vocÃª roda o Twitter ğŸ™ˆğŸ˜˜
259,,RT @sgnCancer: #CÃ¢ncer Admiro quem me aguenta todo dia.,MirellaSilva56,Fri Dec 06 23:48:26 +0000 2019,64,0,634,865,3039508683,ğŸŒ» Ğ¼Ñ–Ğ»ĞµllĞ´ğŸŒ»ğŸ—ï¸,,FlamenguistağŸ”´ VinÃ­ciusğŸ’™/HenryğŸ’™/HeloÃ¡ğŸ’—ğŸ‘£ ğŸŒ»oxumğŸŒ»/ ğŸ’šOxÃ³ssiğŸ’šcanceriana â™‹ MÃ£e ğŸ‘‘/ irmÃ£os ğŸ’/ vÃ³ e AnalÃº minhas eternas anjasğŸ™ğŸ¾ğŸ‘¼ğŸ¾
260,,"RT @AquiCancer: #CÃ¢ncer Eu sei que preciso ser forte, Ã© que as vezes Ã© difÃ­cil.",Horraynne4,Fri Dec 06 23:48:06 +0000 2019,96,0,281,403,998889037833342976,docinho zangada ğŸ’†ğŸ½â€â™€ï¸ğŸ’š,,"Have faith ğŸŒ¸
A vida me ensinou a dizer adeus Ã s pessoas que amo, sem tirÃ¡-las do meu coraÃ§Ã£o.Evandro Tia Rosiara ğŸ˜­ğŸ˜­ğŸ‘¼"
261,,"RT @sgnCancer: #CÃ¢ncer Eu odeio me acostumar a falar com alguÃ©m todos os dias. Porque no dia em que nÃ£o converso, sinto como se o dia estivâ€¦",MirellaSilva56,Fri Dec 06 23:47:53 +0000 2019,52,0,634,865,3039508683,ğŸŒ» Ğ¼Ñ–Ğ»ĞµllĞ´ğŸŒ»ğŸ—ï¸,,FlamenguistağŸ”´ VinÃ­ciusğŸ’™/HenryğŸ’™/HeloÃ¡ğŸ’—ğŸ‘£ ğŸŒ»oxumğŸŒ»/ ğŸ’šOxÃ³ssiğŸ’šcanceriana â™‹ MÃ£e ğŸ‘‘/ irmÃ£os ğŸ’/ vÃ³ e AnalÃº minhas eternas anjasğŸ™ğŸ¾ğŸ‘¼ğŸ¾
262,,"RT @AquiCancer: #CÃ¢ncer Eu sei que preciso ser forte, Ã© que as vezes Ã© difÃ­cil.",Bruninha265,Fri Dec 06 23:47:22 +0000 2019,96,0,1535,647,3384713147,Surtada ğŸ¤ª,"Barra do PiraÃ­, Brasil","19 anos | Cancerianaâ™‹ï¸ | Se tÃ¡ contra mim, te desejo boa sorte âœ¨ | @flamengo ğŸ–¤â¤ï¸"
263,,RT @AquiCancer: #CÃ¢ncer NÃ³s somos tÃ£o cegos para enxergar o que estÃ¡ realmente na frente dos nossos olhos.,RejaneVianaB,Fri Dec 06 23:47:12 +0000 2019,60,0,174,12,874691947377590272,Rejane Viana,"Rio de Janeiro, Brasil",Rio de Janeiro
264,,"RT @AquiCancer: #CÃ¢ncer Eu sei que preciso ser forte, Ã© que as vezes Ã© difÃ­cil.",Prince_Ig10,Fri Dec 06 23:45:55 +0000 2019,96,0,278,981,725730944787845121,insta:igor3_t90 ..ğŸŒ´,Governador Island...ğŸ,"VocÃª Ã© mais forte do que pensa e serÃ¡ mais feliz do que imagina. ğŸ™

First of all i love you Jesus christ â¤ï¸ /Designer GrÃ¡fico ğŸ¨ğŸ’™"
265,,"RT @AquiCancer: #CÃ¢ncer Eu sei que preciso ser forte, Ã© que as vezes Ã© difÃ­cil.",Malu_pache9,Fri Dec 06 23:45:28 +0000 2019,96,0,174,190,1125350766108131329,A errada,apaixonada por vc,"nÃ£o me responsabilizo se falei de vc aq ,
eu sÃ³ reclamo da vida aq no Twitter  e tambÃ©m sou muito dramÃ¡tica"
266,,RT @sgnCancer: #CÃ¢ncer Eu tenho o dom de mudar de humor umas vezes por dia.,souza_nanny0904,Fri Dec 06 23:45:28 +0000 2019,47,0,52,43,1180623879280189441,Nanny â™‹ğŸ’–,"Araruama, Brasil",Futura fuzileira â¤ğŸ˜ Canceriana â™‹ jiu-jitsu â¤ï¸ Flamenguista ğŸ–¤â™¥ï¸ğŸ–¤â™¥ï¸ğŸ–¤
267,,"RT @AquiCancer: #CÃ¢ncer Na verdade tudo nela Ã© interessante E quando estou com ela, nem percebo o tempo passar Deve ser porque ela Ã© a melhâ€¦",yngrid1918,Fri Dec 06 23:45:20 +0000 2019,36,0,1657,959,721110726736277505,MamÃ£e do Pyetro,"Rio de Janeiro, Brasil","Fece: Yngrid Martins â™¥
What:968700761
Solteira â™¥"
268,,"RT @AquiCancer: #CÃ¢ncer Pra que tantas promessas, se no final sempre vai embora?",geovannacrvg161,Fri Dec 06 23:45:18 +0000 2019,86,0,418,296,1153443914927525888,maeve,rj/mg,29/11/2018. @VascoDaGama
269,,"A Indra promove o #Hackathon SolidÃ¡rio â€œDev for a Changeâ€ nos dias 06, 07 e 08/12 A #empresa vai engajar seus profiâ€¦ https://t.co/eroKX7w1aO",ABES_SOFTWARE,Fri Dec 06 23:45:10 +0000 2019,0,0,704,1390,258812806,ABES - AssociaÃ§Ã£o Bras. das Empresas de Software,Brasil,"A ABES, AssociaÃ§Ã£o Brasileira das Empresas de Software, representa aproximadamente 2 mil empresas, distribuÃ­das em 23 Estados brasileiros e no Distrito Federal."
270,,"RT @AquiCancer: #CÃ¢ncer Eu sei que preciso ser forte, Ã© que as vezes Ã© difÃ­cil.",yngrid1918,Fri Dec 06 23:44:56 +0000 2019,96,0,1657,959,721110726736277505,MamÃ£e do Pyetro,"Rio de Janeiro, Brasil","Fece: Yngrid Martins â™¥
What:968700761
Solteira â™¥"
271,,"RT @AquiCancer: #CÃ¢ncer Eu sei que preciso ser forte, Ã© que as vezes Ã© difÃ­cil.",BeatrizBendor,Fri Dec 06 23:44:44 +0000 2019,96,0,391,698,882010540775813121,Beaâ™¥,"Bento Ribeiro, Rio de Janeiro",https://t.co/7eGb1tTYEZ
272,,RT @AquiCancer: #CÃ¢ncer VocÃª Ã© inocente atÃ© beijarem seu pescoÃ§o.,kELLYAQUINO9,Fri Dec 06 23:44:43 +0000 2019,75,0,422,467,2430278348,KELLY AQUINO,Fortaleza,O tempo nÃ£o para
273,,"RT @AquiCancer: #CÃ¢ncer Eu sei que preciso ser forte, Ã© que as vezes Ã© difÃ­cil.",Secretinnhoo,Fri Dec 06 23:44:20 +0000 2019,96,0,1161,1215,1057647616325050369,SecretinnhoÂ°â˜„ï¸ğŸ¥‹,,@ArthurzinnhooğŸ‘¦â¤  Protegido e guiado por Deus ğŸ™ğŸ¼â¤ï¸
274,,"RT @AquiCancer: #CÃ¢ncer Eu sei que preciso ser forte, Ã© que as vezes Ã© difÃ­cil.",LetciaCarolina5,Fri Dec 06 23:44:03 +0000 2019,96,0,426,1097,4516440497,Lâ™¡L,"VigÃ¡rio Geral, Rio de Janeiro","Deus Ã© tÃ£o generoso que te dÃ¡ a liberdade de plantar o que quiser. Mas Ele Ã© tÃ£o justo, que vocÃª colhe exatamente o que plantou! LUCAS Henrique  ğŸ’â¤"
275,,"RT @AquiCancer: #CÃ¢ncer Eu sei que preciso ser forte, Ã© que as vezes Ã© difÃ­cil.",Sul4M1T4,Fri Dec 06 23:43:48 +0000 2019,96,0,808,419,1002975192497508354,susu,"Santa Tereza, Belford Roxo",nÃ£o priorize alguÃ©m que sÃ³ te procura quando nÃ£o tem outra pessoa {Best People That Life Brought Me:11.06/11.03/13.10} EMILLY AMOR DA DINDA â™¥
276,,"RT @AquiCancer: #CÃ¢ncer Eu sei que preciso ser forte, Ã© que as vezes Ã© difÃ­cil.",EduardaaAmorim,Fri Dec 06 23:43:46 +0000 2019,96,0,260,213,728673431026307073,E D U A R D A,Brasil,
277,,"RT @AquiCancer: #CÃ¢ncer Eu sei que preciso ser forte, Ã© que as vezes Ã© difÃ­cil.",Bia_marioo,Fri Dec 06 23:42:54 +0000 2019,96,0,165,331,934843907103485953,Bia ğŸ¤‘,"Florida, USA","Antonellaâ¤ï¸ğŸ‘©â€ğŸ‘§.
 IrmÃ£ nunca vai te esquecer ,te amarei eternamente Marinho â¤ğŸ˜­ğŸ‘¼28/07/1999ğŸŒŸ09/08/2017 ğŸŒ Danda ğŸ‘­ğŸ’–JayrağŸ‘­ğŸ’– FlÃ¡via ğŸ‘­ğŸ¤@Flamengo â¤ğŸ–¤"
278,,"RT @AquiCancer: #CÃ¢ncer Eu sei que preciso ser forte, Ã© que as vezes Ã© difÃ­cil.",Mamaeda_Pietra,Fri Dec 06 23:42:49 +0000 2019,96,0,475,476,2869684722,Alle,,"XV.II.MMXVIII - PIETRA ğŸ˜ğŸ’• - DOUGLAS ğŸ˜ğŸ‘ªğŸ™ğŸ’
Insta: alessandra_mendoncaph"
279,,"RT @AquiCancer: #CÃ¢ncer Eu sei que preciso ser forte, Ã© que as vezes Ã© difÃ­cil.",EMYTALITA3,Fri Dec 06 23:42:18 +0000 2019,96,0,171,104,1165360227706970113,EMY TALITAğŸ’œ,"Santa Catarina, Brasil","â€¢14 years 
â€¢Canceriana â™‹
â€¢Santa Catarina 
â€¢Futsal âš½ï¸
â€¢Gremista ğŸ–¤ğŸ’™ğŸ–¤
â€¢@LucasMoissFons1"
280,,"RT @AquiCancer: #CÃ¢ncer Eu sei que preciso ser forte, Ã© que as vezes Ã© difÃ­cil.",CardosoMCMXCVII,Fri Dec 06 23:42:05 +0000 2019,96,0,1525,536,1012515460070432769,ZARIIIN ğŸ¦€,"Rio de Janeiro, Brasil","#Caceriano ğŸ¦€ 
XXVIII/VI/MCMXCVII
 Jorgina Cardoso â¤ğŸ‘¸
23/10 ğŸ’â¤
Flamenguista por amor!! â¤ğŸ”´âš«ğŸ”´"
281,,"RT @AquiCancer: #CÃ¢ncer Pra que tantas promessas, se no final sempre vai embora?",15jssicaa,Fri Dec 06 23:41:28 +0000 2019,86,0,128,227,1159229402250657792,ğŸ¦‹,"Cariacica, Brasil",
282,,"RT @sgnCancer: #CÃ¢ncer Nunca humilha ninguÃ©m, vocÃª nÃ£o sabe o dia de amanhÃ£.",Duaartegaby,Fri Dec 06 23:40:58 +0000 2019,25,0,223,159,829916191879733248,Duarte',santos- 013,-Nunca julgue um livro pela capa..'ğŸƒ
283,,"RT @AquiCancer: #CÃ¢ncer Eu sei que preciso ser forte, Ã© que as vezes Ã© difÃ­cil.",juujuu_22,Fri Dec 06 23:40:56 +0000 2019,96,0,1007,2239,749712194351300608,Cachinhos â¤,"Neves, SÃ£o GonÃ§alo","Quando vocÃª menos esperar, as coisas vÃ£o acontecer ğŸ˜Š // Jonathan Martins meu eterno anjo â¤ğŸ‘¼ğŸ¼
//#EternoBocağŸ‘¼ğŸ¼  @Flamengo â¤ğŸ–¤ @Wendel33604810 ğŸ’‘â¤"
284,,"RT @AquiCancer: #CÃ¢ncer Eu sei que preciso ser forte, Ã© que as vezes Ã© difÃ­cil.",tamaranaomii,Fri Dec 06 23:40:16 +0000 2019,96,0,88,91,1199086876461879296,naomi ğŸ’ğŸ¤·ğŸ¾â€â™‚ï¸,,
285,,"RT @sgnCancer: #CÃ¢ncer FÃ©. Duas letras que podem mudar sua vida, acredite.",_viniciussilvav,Fri Dec 06 23:39:26 +0000 2019,14,0,184,512,312977835,ğŸ”¥ VINÃCIUS SILVA ğŸ”¥,"Santos, Brasil",Metas motiva a sobrevivÃªncia em tempo difÃ­cil
